tc_EventID,tc_ExpStartDatetime.UTC,tc_ExpEndDatetime.UTC,tc_ExpDurationHrs,tc_EPID,BFE_slpm,BFU_slpm,THCFlowAvg_slpm,THCFlowUncertainty_slpm,tc_C1MassFlow,tc_C1MassFlowUncertainty,tc_ExpEPCount,tc_EquipmentUnitID,tc_EquipmentGroupID
20240206_0000_000,2024-02-06T00:30:03Z,2024-02-06T01:00:02Z,0.49972222222222223,4W-32,43.01,0.56,42.28,1.09,1652.3388000000002,38.12760000000001,1,4W-3,4W
20240206_0000_001,2024-02-06T01:30:04Z,2024-02-06T02:00:03Z,0.49972222222222223,4S-16,14.43,0.13,14.19,0.34,554.3496,11.566800000000002,2,4S-1,4S
20240206_0000_002,2024-02-06T01:30:04Z,2024-02-06T02:00:03Z,0.49972222222222223,5S-34,13.95,0.22,13.72,0.38,535.9284,13.280400000000002,2,5S-3,5S
20240206_0000_003,2024-02-06T01:30:04Z,2024-02-06T02:00:02Z,0.49944444444444447,4T-32,8.82,0.07,8.67,0.2,338.8644,6.8544,1,4T-3,4T
20240206_0000_004,2024-02-06T02:30:04Z,2024-02-06T03:30:03Z,0.9997222222222222,4S-16,14.69,0.25,14.44,0.41,564.2028,14.565600000000003,2,4S-1,4S
20240206_0000_005,2024-02-06T02:30:04Z,2024-02-06T03:30:04Z,1,4W-51,12.49,0.18,12.28,0.33,479.80800000000005,11.566800000000002,1,4W-5,4W
20240206_0000_006,2024-02-06T02:30:04Z,2024-02-06T03:30:03Z,0.9997222222222222,5W-28,14.39,0.24,14.15,0.39,553.0644000000001,13.7088,2,5W-2,5W
20240206_0000_007,2024-02-06T02:30:05Z,2024-02-06T03:30:03Z,0.9994444444444445,5S-34,14.18,0.31,13.94,0.43,544.9248000000001,15.850800000000003,1,5S-3,5S
20240206_0000_008,2024-02-06T04:00:05Z,2024-02-06T06:00:04Z,1.9997222222222222,4S-41,15.08,0.13,14.82,0.35,579.1968,11.995200000000002,2,4S-4,4S
20240206_0000_009,2024-02-06T04:00:05Z,2024-02-06T06:00:05Z,2,5S-26,19.92,0.23,19.58,0.49,765.5508000000001,17.136000000000003,1,5S-2,5S
20240206_0000_010,2024-02-06T04:00:05Z,2024-02-06T06:00:04Z,1.9997222222222222,5W-26,15.02,0.13,14.77,0.35,577.0548000000001,11.995200000000002,2,5W-2,5W
20240206_0000_011,2024-02-06T08:00:07Z,2024-02-06T08:30:06Z,0.49972222222222223,4W-32,43.25,0.72,42.51,1.18,1661.3352000000002,41.983200000000004,1,4W-3,4W
20240206_0000_012,2024-02-06T08:00:07Z,2024-02-06T08:30:07Z,0.5,4T-32,8.98,0.33,8.83,0.38,345.29040000000003,14.565600000000003,1,4T-3,4T
20240206_0000_013,2024-02-06T09:00:09Z,2024-02-06T09:30:08Z,0.49972222222222223,5S-34,14.24,0.22,14,0.38,547.0668000000001,13.280400000000002,2,5S-3,5S
20240206_0000_014,2024-02-06T09:00:09Z,2024-02-06T09:30:07Z,0.49944444444444447,4T-21,22.78,0.35,22.39,0.6,875.2212000000001,21.42,1,4T-2,4T
20240206_0000_015,2024-02-06T09:00:09Z,2024-02-06T09:30:08Z,0.49972222222222223,4S-16,14.77,0.15,14.51,0.35,567.2016,11.995200000000002,2,4S-1,4S
20240206_0000_016,2024-02-06T10:00:10Z,2024-02-06T11:00:09Z,0.9997222222222222,5S-34,14.31,0.2,14.07,0.37,549.6372,12.852,2,5S-3,5S
20240206_0000_017,2024-02-06T10:00:10Z,2024-02-06T11:00:09Z,0.9997222222222222,4S-16,14.88,0.16,14.63,0.36,571.914,12.4236,2,4S-1,4S
20240206_0000_018,2024-02-06T10:00:10Z,2024-02-06T11:00:10Z,1,4W-51,12.35,0.2,12.14,0.33,474.6672,11.995200000000002,1,4W-5,4W
20240206_0000_019,2024-02-06T11:30:11Z,2024-02-06T13:30:11Z,2,4S-41,15.2,0.14,14.94,0.36,583.9092,12.4236,1,4S-4,4S
20240206_0000_020,2024-02-06T11:30:11Z,2024-02-06T13:30:10Z,1.9997222222222222,5W-26,15.16,0.24,14.91,0.41,582.624,14.565600000000003,1,5W-2,5W
20240206_0000_021,2024-02-06T11:30:12Z,2024-02-06T13:30:10Z,1.9994444444444444,5S-26,20.12,0.24,19.78,0.5,772.8336,17.136000000000003,1,5S-2,5S
20240206_0000_022,2024-02-06T14:30:13Z,2024-02-06T16:30:12Z,1.9997222222222222,4T-31,22.87,0.54,22.48,0.73,878.6484000000002,26.560800000000004,1,4T-3,4T
20240206_0000_023,2024-02-06T14:30:13Z,2024-02-06T16:40:43Z,2.175,5S-26,30.85,0.6,30.33,0.9,1185.3828,32.13,1,5S-2,5S
20240206_0000_024,2024-02-06T14:30:14Z,2024-02-06T16:30:12Z,1.9994444444444444,4W-22,54.49,0.67,53.56,1.36,2093.5908,47.552400000000006,1,4W-2,4W
20240206_0000_025,2024-02-06T17:30:15Z,2024-02-06T20:30:14Z,2.999722222222222,4W-22,53.56,0.51,52.65,1.28,2057.6052000000004,43.6968,2,4W-2,4W
20240206_0000_026,2024-02-06T17:30:15Z,2024-02-06T20:30:14Z,2.999722222222222,4S-41,51.95,0.72,51.06,1.34,1995.4872000000003,47.12400000000001,2,4S-4,4S
20240206_0000_027,2024-02-06T17:30:15Z,2024-02-06T20:30:15Z,3,5W-26,34.82,0.44,34.22,0.88,1337.4648,30.4164,1,5W-2,5W
20240206_0000_028,2024-02-06T21:08:29Z,2024-02-06T21:09:02Z,0.009166666666666667,4T-32,12.57,0.97,12.36,1,482.8068,38.556000000000004,1,4T-3,4T
20240206_0000_029,2024-02-06T21:09:03Z,2024-02-06T21:09:26Z,0.006388888888888889,4T-32,6.74,1.19,6.63,1.18,258.7536,45.838800000000006,1,4T-3,4T
20240206_0000_030,2024-02-06T21:09:27Z,2024-02-06T21:09:48Z,0.005833333333333334,4T-32,5.11,3.15,5.03,3.1,196.6356,121.23720000000002,1,4T-3,4T
20240206_0000_031,2024-02-06T21:09:49Z,2024-02-06T21:10:53Z,0.017777777777777778,4T-32,12.14,6.54,11.93,6.43,466.0992000000001,251.04240000000001,1,4T-3,4T
20240206_0000_032,2024-02-06T21:10:54Z,2024-02-06T21:11:39Z,0.0125,4T-32,6.84,0.08,6.73,0.17,263.0376,5.997600000000001,1,4T-3,4T
20240206_0000_033,2024-02-06T21:11:40Z,2024-02-06T21:12:56Z,0.021111111111111112,4T-32,4.14,0.05,4.07,0.11,158.9364,3.8556000000000004,1,4T-3,4T
20240206_0000_034,2024-02-06T21:12:57Z,2024-02-06T21:15:23Z,0.04055555555555555,4T-32,3,0.04,2.95,0.07,115.23960000000001,2.5704000000000002,1,4T-3,4T
20240206_0000_035,2024-02-06T21:23:08Z,2024-02-06T21:24:41Z,0.025833333333333333,4T-32,3.31,4.16,3.25,4.09,127.23480000000002,159.7932,1,4T-3,4T
20240206_0000_036,2024-02-06T21:24:42Z,2024-02-06T21:25:29Z,0.013055555555555556,4T-32,5.62,0.04,5.52,0.13,215.48520000000002,4.284000000000001,1,4T-3,4T
20240206_0000_037,2024-02-06T21:25:30Z,2024-02-06T21:26:19Z,0.01361111111111111,4T-32,9.4,0.07,9.24,0.22,361.1412,7.282800000000002,1,4T-3,4T
20240206_0000_038,2024-02-06T21:26:20Z,2024-02-06T21:26:48Z,0.0077777777777777776,4T-32,7.6,12.78,7.47,12.56,291.7404,490.9464000000001,1,4T-3,4T
20240206_0000_039,2024-02-06T21:26:49Z,2024-02-06T21:27:46Z,0.015833333333333335,4T-32,1.26,0.07,1.24,0.07,48.4092,2.5704000000000002,1,4T-3,4T
20240206_0000_040,2024-02-06T21:27:47Z,2024-02-06T21:28:17Z,0.008333333333333333,4T-32,2.45,0.28,2.41,0.28,94.24800000000002,11.1384,1,4T-3,4T
20240206_0000_041,2024-02-06T21:28:18Z,2024-02-06T21:28:42Z,0.006666666666666667,4T-32,3.93,0.11,3.86,0.14,150.79680000000002,5.1408000000000005,1,4T-3,4T
20240206_0000_042,2024-02-06T21:28:43Z,2024-02-06T21:30:30Z,0.029722222222222223,4T-32,13.71,1.42,13.48,1.43,526.9320000000001,55.263600000000004,1,4T-3,4T
20240206_0000_043,2024-02-06T21:30:31Z,2024-02-06T21:33:20Z,0.04694444444444444,4T-32,2.34,0.13,2.3,0.13,89.96400000000001,5.1408000000000005,1,4T-3,4T
20240206_0000_046,2024-02-06T22:30:19Z,2024-02-07T00:00:08Z,1.4969444444444444,5S-26,35.82,0.84,35.02,1.09,1362.7404000000001,39.84120000000001,4,5S-2,5S
20240206_0000_047,2024-02-06T22:30:19Z,2024-02-07T00:00:08Z,1.4969444444444444,4S-41,41.08,1.13,40.17,1.38,1562.8032,50.9796,4,4S-4,4S
20240206_0000_048,2024-02-06T22:30:19Z,2024-02-07T00:00:08Z,1.4969444444444444,4W-22,69.47,2.05,67.93,2.44,2643.228,90.82080000000002,4,4W-2,4W
20240206_0000_049,2024-02-06T22:30:19Z,2024-02-07T00:00:08Z,1.4969444444444444,5W-26,21.03,0.51,20.56,0.65,799.8228000000001,23.990400000000005,4,5W-2,5W
20240207_0000_000,2024-02-07T00:00:08Z,2024-02-07T00:30:18Z,0.5027777777777778,5W-26,21.24,0.12,20.77,0.44,807.9624000000001,14.994000000000002,4,5W-2,5W
20240207_0000_001,2024-02-07T00:00:08Z,2024-02-07T00:30:18Z,0.5027777777777778,5S-26,36.03,0.21,35.23,0.75,1370.88,25.2756,4,5S-2,5S
20240207_0000_002,2024-02-07T00:00:08Z,2024-02-07T00:30:18Z,0.5027777777777778,4W-22,70.16,0.43,68.6,1.47,2669.3604,49.6944,4,4W-2,4W
20240207_0000_003,2024-02-07T00:00:08Z,2024-02-07T00:30:18Z,0.5027777777777778,4S-41,41.51,0.25,40.59,0.87,1579.5108,29.131200000000007,4,4S-4,4S
20240207_0000_004,2024-02-07T01:30:22Z,2024-02-07T02:30:21Z,0.9997222222222222,4W-22,30.54,0.34,29.86,0.7,1162.2492,24.4188,2,4W-2,4W
20240207_0000_005,2024-02-07T01:30:22Z,2024-02-07T02:30:21Z,0.9997222222222222,4S-41,29.26,0.49,28.61,0.76,1113.4116000000001,26.9892,2,4S-4,4S
20240207_0000_006,2024-02-07T03:30:25Z,2024-02-07T04:30:25Z,1,4S-16,14.43,0.14,14.11,0.32,549.2088000000001,11.1384,1,4S-1,4S
20240207_0000_007,2024-02-07T03:30:26Z,2024-02-07T04:30:25Z,0.9997222222222222,5S-34,13.89,0.18,13.58,0.33,528.6456000000001,11.566800000000002,1,5S-3,5S
20240207_0000_008,2024-02-07T05:30:29Z,2024-02-07T06:30:28Z,0.9997222222222222,5S-34,14.11,0.24,13.8,0.37,536.7851999999999,12.852,3,5S-3,5S
20240207_0000_009,2024-02-07T05:30:29Z,2024-02-07T06:30:27Z,0.9994444444444445,5W-28,14.35,0.22,14.03,0.36,546.21,12.4236,1,5W-2,5W
20240207_0000_010,2024-02-07T05:30:29Z,2024-02-07T06:30:28Z,0.9997222222222222,4W-51,12.29,0.2,12.02,0.32,467.81280000000004,11.1384,3,4W-5,4W
20240207_0000_011,2024-02-07T05:30:29Z,2024-02-07T06:30:28Z,0.9997222222222222,4S-16,14.66,0.26,14.33,0.39,557.7768,13.7088,3,4S-1,4S
20240207_0000_012,2024-02-07T08:00:33Z,2024-02-07T08:30:32Z,0.49972222222222223,4W-32,43.21,0.64,42.25,1.07,1643.7708,37.699200000000005,1,4W-3,4W
20240207_0000_013,2024-02-07T09:00:35Z,2024-02-07T09:30:34Z,0.49972222222222223,4S-16,16.72,0.2,16.35,0.39,636.1740000000001,13.280400000000002,1,4S-1,4S
20240207_0000_014,2024-02-07T09:00:35Z,2024-02-07T09:30:35Z,0.5,5S-34,15.98,0.26,15.62,0.41,607.8996000000001,14.565600000000003,1,5S-3,5S
20240207_0000_015,2024-02-07T09:00:36Z,2024-02-07T09:30:34Z,0.49944444444444447,4T-12,34.61,0.66,33.84,0.95,1316.9016000000001,33.8436,1,4T-1,4T
20240207_0000_016,2024-02-07T10:00:38Z,2024-02-07T11:00:37Z,0.9997222222222222,4W-51,12.24,0.14,11.97,0.28,465.6708,9.853200000000001,3,4W-5,4W
20240207_0000_017,2024-02-07T10:00:38Z,2024-02-07T11:00:37Z,0.9997222222222222,4S-16,14.93,0.13,14.59,0.33,568.0584000000001,11.1384,3,4S-1,4S
20240207_0000_018,2024-02-07T10:00:38Z,2024-02-07T11:00:37Z,0.9997222222222222,5S-34,14.37,0.16,14.05,0.33,546.6384,11.566800000000002,3,5S-3,5S
20240207_0000_019,2024-02-07T11:30:41Z,2024-02-07T13:30:40Z,1.9997222222222222,4S-41,15.2,0.15,14.86,0.34,578.34,11.566800000000002,3,4S-4,4S
20240207_0000_020,2024-02-07T11:30:41Z,2024-02-07T13:30:40Z,1.9997222222222222,5W-26,15.15,0.23,14.82,0.38,576.6264,13.280400000000002,3,5W-2,5W
20240207_0000_021,2024-02-07T11:30:41Z,2024-02-07T13:30:40Z,1.9997222222222222,5S-26,20.11,0.24,19.67,0.47,765.1224,16.2792,3,5S-2,5S
20240207_0000_022,2024-02-07T14:30:43Z,2024-02-07T16:30:42Z,1.9997222222222222,4W-22,54.21,0.63,53.01,1.25,2062.746,43.2684,3,4W-2,4W
20240207_0000_023,2024-02-07T14:30:43Z,2024-02-07T16:30:42Z,1.9997222222222222,5S-26,19.77,0.48,19.33,0.62,752.2704,22.705200000000005,3,5S-2,5S
20240207_0000_024,2024-02-07T14:30:43Z,2024-02-07T16:30:42Z,1.9997222222222222,4T-12,50.87,0.64,49.74,1.2,1935.5112000000001,41.983200000000004,3,4T-1,4T
20240207_0000_025,2024-02-07T17:30:45Z,2024-02-07T20:30:45Z,3,4S-41,52.33,0.6,51.16,1.2,1990.7748000000001,41.55480000000001,2,4S-4,4S
20240207_0000_026,2024-02-07T17:30:45Z,2024-02-07T20:30:45Z,3,4W-22,53.62,0.49,52.43,1.18,2040.0408,40.2696,2,4W-2,4W
20240207_0000_027,2024-02-07T17:30:46Z,2024-02-07T20:30:45Z,2.999722222222222,5W-26,35.02,0.35,34.24,0.78,1332.324,26.9892,1,5W-2,5W
20240207_0000_028,2024-02-07T22:30:47Z,2024-02-08T00:00:08Z,1.4891666666666667,4S-41,40.65,0.8,39.75,1.13,1546.9524000000001,40.698,2,4S-4,4S
20240207_0000_029,2024-02-07T22:30:47Z,2024-02-08T00:00:08Z,1.4891666666666667,4W-22,69.55,0.92,68.01,1.66,2646.2268000000004,58.262400000000014,2,4W-2,4W
20240207_0000_030,2024-02-07T22:30:48Z,2024-02-08T00:00:08Z,1.488888888888889,5S-26,35.6,0.98,34.81,1.19,1354.1724000000002,44.1252,2,5S-2,5S
20240207_0000_031,2024-02-07T22:30:48Z,2024-02-08T00:00:08Z,1.488888888888889,5W-26,20.96,0.38,20.5,0.56,797.6808000000001,20.1348,2,5W-2,5W
20240208_0000_000,2024-02-08T00:00:09Z,2024-02-08T00:30:46Z,0.5102777777777778,4W-22,70.23,0.39,68.67,1.46,2672.3592000000003,49.266,2,4W-2,4W
20240208_0000_001,2024-02-08T00:00:09Z,2024-02-08T00:30:46Z,0.5102777777777778,5W-26,21.73,0.38,21.24,0.58,826.812,20.563200000000002,2,5W-2,5W
20240208_0000_002,2024-02-08T00:00:09Z,2024-02-08T00:30:47Z,0.5105555555555555,5S-26,37.27,0.46,36.44,0.87,1418.0040000000001,30.4164,2,5S-2,5S
20240208_0000_003,2024-02-08T00:00:09Z,2024-02-08T00:30:47Z,0.5105555555555555,4S-41,41.75,0.3,40.82,0.89,1588.5072,29.988000000000003,2,4S-4,4S
20240208_0000_004,2024-02-08T01:30:50Z,2024-02-08T02:30:49Z,0.9997222222222222,4S-41,29.5,0.22,28.84,0.63,1122.408,21.42,1,4S-4,4S
20240208_0000_005,2024-02-08T01:30:50Z,2024-02-08T02:30:48Z,0.9994444444444445,4W-22,30.41,0.33,29.74,0.69,1157.1084000000003,23.990400000000005,1,4W-2,4W
20240208_0000_006,2024-02-08T03:30:51Z,2024-02-08T04:30:50Z,0.9997222222222222,5S-34,15.78,0.26,15.43,0.41,600.1884,14.565600000000003,1,5S-3,5S
20240208_0000_007,2024-02-08T03:30:51Z,2024-02-08T04:30:51Z,1,4T-12,34.7,0.54,33.93,0.87,1320.3288,30.844800000000003,2,4T-1,4T
20240208_0000_008,2024-02-08T03:30:51Z,2024-02-08T04:30:51Z,1,4S-16,16.5,0.27,16.13,0.42,627.6060000000001,14.994000000000002,2,4S-1,4S
20240208_0000_009,2024-02-08T05:30:53Z,2024-02-08T06:30:53Z,1,5S-34,14.07,0.19,13.76,0.34,535.5000000000001,11.995200000000002,3,5S-3,5S
20240208_0000_010,2024-02-08T05:30:53Z,2024-02-08T06:30:53Z,1,4W-51,12.3,0.18,12.03,0.3,467.81280000000004,10.71,3,4W-5,4W
20240208_0000_011,2024-02-08T05:30:53Z,2024-02-08T06:30:53Z,1,4S-16,14.61,0.18,14.29,0.34,556.0632,11.995200000000002,3,4S-1,4S
20240208_0000_012,2024-02-08T05:30:54Z,2024-02-08T06:30:53Z,0.9997222222222222,5W-28,14.27,0.14,13.96,0.32,543.2112,10.71,1,5W-2,5W
20240208_0000_013,2024-02-08T08:00:58Z,2024-02-08T08:30:56Z,0.49944444444444447,4W-32,43.03,0.61,42.07,1.05,1636.9164,36.8424,1,4W-3,4W
20240208_0000_014,2024-02-08T09:01:00Z,2024-02-08T09:30:59Z,0.49972222222222223,5S-34,14.01,0.2,13.7,0.34,532.9296,11.995200000000002,2,5S-3,5S
20240208_0000_015,2024-02-08T09:01:00Z,2024-02-08T09:30:59Z,0.49972222222222223,4S-16,14.52,0.1,14.2,0.31,552.6360000000001,10.281600000000001,2,4S-1,4S
20240208_0000_016,2024-02-08T10:01:03Z,2024-02-08T11:01:02Z,0.9997222222222222,4W-51,12.3,0.15,12.03,0.29,468.24120000000005,9.853200000000001,2,4W-5,4W
20240208_0000_017,2024-02-08T10:01:03Z,2024-02-08T11:01:02Z,0.9997222222222222,4S-16,14.59,0.16,14.27,0.33,555.2064000000001,11.566800000000002,2,4S-1,4S
20240208_0000_018,2024-02-08T10:01:04Z,2024-02-08T11:01:02Z,0.9994444444444445,5S-34,14.04,0.17,13.72,0.33,534.2148000000001,11.566800000000002,1,5S-3,5S
20240208_0000_019,2024-02-08T11:31:05Z,2024-02-08T13:31:05Z,2,5S-26,19.79,0.31,19.35,0.5,753.1272,17.5644,1,5S-2,5S
20240208_0000_020,2024-02-08T11:31:06Z,2024-02-08T13:31:05Z,1.9997222222222222,5W-26,14.85,0.26,14.52,0.39,565.0596,13.7088,2,5W-2,5W
20240208_0000_021,2024-02-08T11:31:06Z,2024-02-08T13:31:05Z,1.9997222222222222,4S-41,14.89,0.16,14.56,0.34,566.7732000000001,11.566800000000002,2,4S-4,4S
20240208_0000_022,2024-02-08T14:31:08Z,2024-02-08T16:31:07Z,1.9997222222222222,5S-26,30.61,0.52,29.93,0.8,1164.8196000000003,28.274400000000007,3,5S-2,5S
20240208_0000_023,2024-02-08T14:31:08Z,2024-02-08T16:31:07Z,1.9997222222222222,4T-22,87.33,0.66,85.38,1.87,3322.6704000000004,63.40320000000001,3,4T-2,4T
20240208_0000_024,2024-02-08T14:31:08Z,2024-02-08T16:31:07Z,1.9997222222222222,4W-22,54.26,0.45,53.05,1.18,2064.4596,40.2696,3,4W-2,4W
20240208_0000_025,2024-02-08T17:31:09Z,2024-02-08T20:31:09Z,3,4S-41,51.97,0.54,50.82,1.17,1977.4944,40.2696,2,4S-4,4S
20240208_0000_026,2024-02-08T17:31:09Z,2024-02-08T20:31:09Z,3,5W-26,34.88,0.33,34.1,0.77,1326.7548,26.560800000000004,2,5W-2,5W
20240208_0000_027,2024-02-08T17:31:10Z,2024-02-08T20:31:09Z,2.999722222222222,4W-22,53.64,0.45,52.45,1.17,2040.8976000000002,39.84120000000001,1,4W-2,4W
20240208_2211_000,2024-02-08T22:30:03Z,2024-02-09T00:00:08Z,1.5013888888888889,4S-41,40.47,0.73,39.57,1.08,1539.6696,38.556000000000004,4,4S-4,4S
20240208_2211_001,2024-02-08T22:30:03Z,2024-02-09T00:00:08Z,1.5013888888888889,4W-22,69.54,0.95,67.99,1.68,2645.7984,58.6908,4,4W-2,4W
20240208_2211_002,2024-02-08T22:30:03Z,2024-02-09T00:00:08Z,1.5013888888888889,5S-26,35.98,0.91,35.18,1.15,1368.738,42.41160000000001,4,5S-2,5S
20240208_2211_003,2024-02-08T22:30:03Z,2024-02-09T00:00:08Z,1.5013888888888889,5W-26,20.86,0.37,20.39,0.56,793.3968,20.1348,4,5W-2,5W
20240209_0000_000,2024-02-09T00:00:08Z,2024-02-09T00:30:02Z,0.49833333333333335,5S-26,37.14,0.61,36.31,0.95,1412.8632,33.8436,4,5S-2,5S
20240209_0000_001,2024-02-09T00:00:08Z,2024-02-09T00:30:02Z,0.49833333333333335,5W-26,21.35,0.33,20.88,0.53,812.6748,18.849600000000002,4,5W-2,5W
20240209_0000_002,2024-02-09T00:00:08Z,2024-02-09T00:30:02Z,0.49833333333333335,4W-22,70.27,0.66,68.7,1.55,2673.6444,53.12160000000001,4,4W-2,4W
20240209_0000_003,2024-02-09T00:00:08Z,2024-02-09T00:30:02Z,0.49833333333333335,4S-41,41.42,0.59,40.5,1.01,1576.0836,35.5572,4,4S-4,4S
20240209_0000_004,2024-02-09T01:30:03Z,2024-02-09T02:30:02Z,0.9997222222222222,4W-22,30.61,0.35,29.93,0.7,1164.8196000000003,24.4188,2,4W-2,4W
20240209_0000_005,2024-02-09T01:30:03Z,2024-02-09T02:30:02Z,0.9997222222222222,4S-41,29.5,0.39,28.85,0.7,1122.408,24.4188,2,4S-4,4S
20240209_0000_006,2024-02-09T03:30:05Z,2024-02-09T04:30:04Z,0.9997222222222222,4T-12,34.95,0.53,34.18,0.87,1329.7536000000002,30.844800000000003,2,4T-1,4T
20240209_0000_007,2024-02-09T03:30:05Z,2024-02-09T04:30:03Z,0.9994444444444445,5S-34,15.87,0.21,15.52,0.38,604.044,13.280400000000002,1,5S-3,5S
20240209_0000_008,2024-02-09T03:30:05Z,2024-02-09T04:30:04Z,0.9997222222222222,4S-16,16.6,0.22,16.23,0.4,631.8900000000001,14.137200000000004,2,4S-1,4S
20240209_0000_009,2024-02-09T05:30:06Z,2024-02-09T06:30:05Z,0.9997222222222222,4W-51,12.36,0.17,12.09,0.3,470.3832000000001,10.281600000000001,4,4W-5,4W
20240209_0000_010,2024-02-09T05:30:06Z,2024-02-09T06:30:05Z,0.9997222222222222,4S-16,14.76,0.29,14.43,0.41,561.6324000000001,14.994000000000002,4,4S-1,4S
20240209_0000_011,2024-02-09T05:30:06Z,2024-02-09T06:30:05Z,0.9997222222222222,5W-28,14.45,0.28,14.12,0.4,549.6372,14.565600000000003,4,5W-2,5W
20240209_0000_012,2024-02-09T05:30:06Z,2024-02-09T06:30:05Z,0.9997222222222222,5S-34,14.29,0.28,13.97,0.4,543.6396,14.565600000000003,4,5S-3,5S
20240209_0000_013,2024-02-09T08:00:07Z,2024-02-09T08:30:06Z,0.49972222222222223,4W-32,43.42,0.71,42.45,1.11,1651.9104000000002,39.84120000000001,1,4W-3,4W
20240209_0000_014,2024-02-09T09:00:08Z,2024-02-09T09:30:08Z,0.5,4S-16,16.9,0.19,16.52,0.39,643.0284,13.280400000000002,1,4S-1,4S
20240209_0000_015,2024-02-09T09:00:08Z,2024-02-09T09:30:07Z,0.49972222222222223,5S-34,16.22,0.29,15.86,0.43,617.3244000000001,15.422400000000001,2,5S-3,5S
20240209_0000_016,2024-02-09T09:00:08Z,2024-02-09T09:30:07Z,0.49972222222222223,4T-12,34.82,0.66,34.04,0.95,1324.6128,34.272000000000006,2,4T-1,4T
20240209_0000_017,2024-02-09T10:00:09Z,2024-02-09T11:00:09Z,1,5S-34,14.48,0.18,14.16,0.34,550.9224,11.995200000000002,1,5S-3,5S
20240209_0000_018,2024-02-09T10:00:09Z,2024-02-09T11:00:08Z,0.9997222222222222,4S-16,15.01,0.13,14.67,0.33,571.0572000000001,11.1384,1,4S-1,4S
20240209_0000_019,2024-02-09T10:00:10Z,2024-02-09T11:00:09Z,0.9997222222222222,4W-51,12.19,0.16,11.92,0.29,463.95720000000006,10.281600000000001,1,4W-5,4W
20240209_0000_020,2024-02-09T11:30:11Z,2024-02-09T13:30:11Z,2,5S-26,20.31,0.27,19.86,0.49,772.8336,17.136000000000003,2,5S-2,5S
20240209_0000_021,2024-02-09T11:30:11Z,2024-02-09T13:30:11Z,2,5W-26,15.24,0.2,14.9,0.36,579.6252000000001,12.852,2,5W-2,5W
20240209_0000_022,2024-02-09T11:30:12Z,2024-02-09T13:30:11Z,1.9997222222222222,4S-41,15.28,0.14,14.94,0.34,581.3388000000001,11.566800000000002,1,4S-4,4S
20240209_0000_023,2024-02-09T14:30:13Z,2024-02-09T16:30:12Z,1.9997222222222222,4W-22,54.63,0.67,53.41,1.28,2078.1684,44.5536,1,4W-2,4W
20240209_0000_024,2024-02-09T14:30:14Z,2024-02-09T16:30:12Z,1.9994444444444444,4T-22,87.94,0.99,85.99,2.01,3345.804,69.8292,1,4T-2,4T
20240209_0000_025,2024-02-09T14:30:14Z,2024-02-09T16:30:13Z,1.9997222222222222,5S-26,31.12,0.58,30.43,0.85,1184.0976,30.4164,1,5S-2,5S
20240209_0000_026,2024-02-09T17:30:16Z,2024-02-09T20:30:15Z,2.999722222222222,5W-26,35.26,0.56,34.48,0.89,1341.7488,31.701600000000006,3,5W-2,5W
20240209_0000_027,2024-02-09T17:30:16Z,2024-02-09T20:30:15Z,2.999722222222222,4S-41,52.5,1.01,51.34,1.45,1997.6292000000003,52.26480000000001,3,4S-4,4S
20240209_0000_028,2024-02-09T17:30:16Z,2024-02-09T20:30:15Z,2.999722222222222,4W-22,53.94,0.66,52.74,1.26,2052.036,44.1252,3,4W-2,4W
20240209_0000_029,2024-02-09T18:10:59Z,2024-02-09T19:31:27Z,1.3411111111111111,7P4-33,-6.74,-7.14,-6.6,-7,-259.61039999999997,-275.0328,3,7P4-,7P
20240209_0000_030,2024-02-09T18:10:59Z,2024-02-09T19:31:27Z,1.3411111111111111,7P4-22,-6.74,-7.14,-6.6,-7,-259.61039999999997,-275.0328,3,7P4-,7P
20240209_0000_031,2024-02-09T18:10:59Z,2024-02-09T19:31:27Z,1.3411111111111111,7P4-31,-6.74,-7.14,-6.6,-7,-259.61039999999997,-275.0328,3,7P4-,7P
20240209_0000_032,2024-02-09T18:38:02Z,2024-02-09T19:38:41Z,1.0108333333333333,4T-22,2.23,0.26,2.18,0.26,84.82320000000001,9.853200000000001,3,4T-2,4T
20240209_0000_033,2024-02-09T18:38:02Z,2024-02-09T19:38:41Z,1.0108333333333333,4T-11,0.26,0.02,0.25,0.02,9.853200000000001,0.8568,3,4T-1,4T
20240209_0000_034,2024-02-09T18:38:02Z,2024-02-09T19:38:41Z,1.0108333333333333,4T-31,2.23,0.26,2.18,0.26,84.82320000000001,9.853200000000001,3,4T-3,4T
20240209_0000_035,2024-02-09T18:38:02Z,2024-02-10T00:00:04Z,5.367222222222222,1T-14,-257.01,-21.04,-252.72,-21.49,-9926.884800000002,-834.9516,2,1T-1,1T
20240209_0000_036,2024-02-09T18:38:02Z,2024-02-10T00:00:04Z,5.367222222222222,1T-12,-257.01,-21.04,-252.72,-21.49,-9926.884800000002,-834.9516,2,1T-1,1T
20240209_0000_041,2024-02-09T22:30:18Z,2024-02-10T00:00:04Z,1.4961111111111112,5S-26,36.65,0.8,35.84,1.07,1394.442,38.98440000000001,4,5S-2,5S
20240209_0000_042,2024-02-09T22:30:18Z,2024-02-10T00:00:04Z,1.4961111111111112,4S-41,41.44,0.7,40.52,1.08,1576.512,38.556000000000004,4,4S-4,4S
20240209_0000_043,2024-02-09T22:30:18Z,2024-02-10T00:00:04Z,1.4961111111111112,5W-26,21.32,0.4,20.85,0.58,811.3896000000001,20.991600000000002,4,5W-2,5W
20240209_0000_044,2024-02-09T22:30:18Z,2024-02-10T00:00:04Z,1.4961111111111112,4W-22,70.1,0.95,68.54,1.68,2667.2184,59.1192,4,4W-2,4W
20240210_0000_000,2024-02-10T00:00:04Z,2024-02-11T00:00:01Z,23.999166666666667,1T-12,-241.46,-37,-237.43,-36.79,-9325.839600000001,-1440.2808,2,1T-1,1T
20240210_0000_001,2024-02-10T00:00:04Z,2024-02-10T00:30:18Z,0.5038888888888889,5S-26,37.52,0.25,36.68,0.79,1427.4288000000001,26.560800000000004,4,5S-2,5S
20240210_0000_002,2024-02-10T00:00:04Z,2024-02-10T00:30:18Z,0.5038888888888889,4W-22,70.77,0.64,69.19,1.55,2692.4940000000006,53.12160000000001,4,4W-2,4W
20240210_0000_003,2024-02-10T00:00:04Z,2024-02-10T00:30:18Z,0.5038888888888889,4S-41,42.05,0.32,41.11,0.9,1599.6456000000003,30.844800000000003,4,4S-4,4S
20240210_0000_004,2024-02-10T00:00:04Z,2024-02-10T00:30:18Z,0.5038888888888889,5W-26,21.92,0.24,21.44,0.5,834.0948000000001,17.136000000000003,4,5W-2,5W
20240210_0000_005,2024-02-10T00:00:04Z,2024-02-11T00:00:01Z,23.999166666666667,1T-14,-241.46,-37,-237.43,-36.79,-9325.839600000001,-1440.2808,2,1T-1,1T
20240210_0000_006,2024-02-10T02:30:21Z,2024-02-10T04:30:20Z,1.9997222222222222,4S-41,15.16,0.27,14.82,0.4,576.6264,14.565600000000003,3,4S-4,4S
20240210_0000_007,2024-02-10T02:30:21Z,2024-02-10T04:30:20Z,1.9997222222222222,5S-35,8.03,0.26,7.85,0.3,305.4492,11.1384,3,5S-3,5S
20240210_0000_008,2024-02-10T02:30:21Z,2024-02-10T04:30:20Z,1.9997222222222222,5W-32,8.42,0.23,8.23,0.28,320.44320000000005,10.281600000000001,3,5W-3,5W
20240210_0000_009,2024-02-10T06:30:24Z,2024-02-10T07:30:23Z,0.9997222222222222,4W-22,30.74,0.32,30.05,0.69,1169.5320000000002,23.990400000000005,1,4W-2,4W
20240210_0000_010,2024-02-10T09:30:25Z,2024-02-10T15:30:25Z,6,4S-16,17.02,0.15,16.64,0.37,647.7408,12.852,2,4S-1,4S
20240210_0000_011,2024-02-10T09:30:25Z,2024-02-10T15:30:25Z,6,4W-33,14.8,0.14,14.47,0.33,562.9176,11.1384,2,4W-3,4W
20240210_0000_012,2024-02-10T18:30:28Z,2024-02-11T00:00:01Z,5.4925,4T-32,10.3,0.24,10.07,0.31,391.98600000000005,11.566800000000002,3,4T-3,4T
20240210_0000_013,2024-02-10T18:30:28Z,2024-02-11T00:00:01Z,5.4925,5W-32,8.37,0.22,8.19,0.27,318.72960000000006,9.853200000000001,3,5W-3,5W
20240210_0000_014,2024-02-10T18:30:28Z,2024-02-11T00:00:01Z,5.4925,5S-35,7.98,0.26,7.8,0.3,303.73560000000003,11.1384,3,5S-3,5S
20240210_0000_015,2024-02-10T18:30:29Z,2024-02-11T00:00:01Z,5.492222222222222,4W-54,6.01,0.13,5.87,0.18,228.7656,6.426,2,4W-5,4W
20240210_0000_016,2024-02-10T18:30:29Z,2024-02-11T00:00:01Z,5.492222222222222,4S-42,8.92,0.18,8.72,0.25,339.29280000000006,8.9964,2,4S-4,4S
20240211_0000_000,2024-02-11T00:00:02Z,2024-02-11T13:43:41Z,13.7275,1T-12,-250.92,-27.2,-246.73,-27.34,-9691.2648,-1067.1444,2,1T-1,1T
20240211_0000_001,2024-02-11T00:00:02Z,2024-02-11T13:43:41Z,13.7275,1T-14,-250.92,-27.2,-246.73,-27.34,-9691.2648,-1067.1444,2,1T-1,1T
20240211_0000_002,2024-02-11T00:00:02Z,2024-02-11T00:30:27Z,0.5069444444444444,4S-42,9.04,0.07,8.84,0.2,344.0052,6.8544,5,4S-4,4S
20240211_0000_003,2024-02-11T00:00:02Z,2024-02-11T00:30:27Z,0.5069444444444444,4T-32,10.45,0.06,10.22,0.22,397.98359999999997,7.282800000000002,5,4T-3,4T
20240211_0000_004,2024-02-11T00:00:02Z,2024-02-11T00:30:27Z,0.5069444444444444,4W-54,5.98,0.09,5.85,0.15,227.48039999999997,5.1408000000000005,5,4W-5,4W
20240211_0000_005,2024-02-11T00:00:02Z,2024-02-11T00:30:27Z,0.5069444444444444,5S-35,8.2,0.06,8.01,0.18,311.87520000000006,5.997600000000001,5,5S-3,5S
20240211_0000_006,2024-02-11T00:00:02Z,2024-02-11T00:30:27Z,0.5069444444444444,5W-32,8.54,0.07,8.35,0.18,325.1556,6.426,5,5W-3,5W
20240211_0000_007,2024-02-11T03:30:31Z,2024-02-11T04:30:30Z,0.9997222222222222,4S-12,8.78,0.09,8.59,0.2,334.152,6.8544,1,4S-1,4S
20240211_0000_008,2024-02-11T07:30:33Z,2024-02-11T08:30:32Z,0.9997222222222222,4S-42,15.02,0.19,14.69,0.35,571.4856,12.4236,2,4S-4,4S
20240211_0000_009,2024-02-11T07:30:33Z,2024-02-11T08:30:32Z,0.9997222222222222,4W-51,14.93,0.18,14.6,0.35,568.0584000000001,11.995200000000002,2,4W-5,4W
20240211_0000_010,2024-02-11T12:30:36Z,2024-02-11T20:30:35Z,7.999722222222222,4S-12,8.7,0.79,8.51,0.79,331.1532,30.4164,2,4S-1,4S
20240211_0000_011,2024-02-11T12:30:36Z,2024-02-11T20:30:36Z,8,4W-33,14.86,0.45,14.53,0.53,565.4879999999999,19.706400000000002,2,4W-3,4W
20240211_0000_012,2024-02-11T12:30:36Z,2024-02-11T20:30:35Z,7.999722222222222,5S-36,8.01,0.81,7.84,0.81,305.02080000000007,31.273200000000003,2,5S-3,5S
20240211_0000_013,2024-02-11T12:30:36Z,2024-02-11T20:30:36Z,8,5W-34,5.14,0.37,5.03,0.38,195.77880000000002,14.565600000000003,2,5W-3,5W
20240211_0000_014,2024-02-11T12:30:37Z,2024-02-11T20:30:35Z,7.999444444444444,4T-11,11.18,4.48,10.93,4.39,425.4012,170.5032,1,4T-1,4T
20240212_0000_009,2024-02-12T00:00:08Z,2024-02-12T23:00:02Z,22.998333333333335,,23.74,0.14,23.21,13151.53,903.0672000000001,16.7076,1,,
20240212_0000_023,2024-02-12T00:30:37Z,2024-02-12T03:30:36Z,2.999722222222222,4S-42,15.05,0.55,14.71,0.62,572.7708,23.133600000000005,2,4S-4,4S
20240212_0000_024,2024-02-12T00:30:37Z,2024-02-12T03:30:36Z,2.999722222222222,4W-32,30.92,0.39,30.24,0.73,1176.3864,25.2756,2,4W-3,4W
20240212_0000_025,2024-02-12T07:30:40Z,2024-02-12T10:30:39Z,2.999722222222222,4S-41,42.98,0.36,42.03,0.93,1635.2028000000003,31.701600000000006,1,4S-4,4S
20240212_0000_027,2024-02-12T14:30:43Z,2024-02-12T16:30:42Z,1.9997222222222222,4S-12,8.66,0.25,8.47,0.3,329.43960000000004,11.1384,2,4S-1,4S
20240212_0000_028,2024-02-12T14:30:43Z,2024-02-12T16:30:42Z,1.9997222222222222,5S-32,19.85,0.4,19.41,0.56,755.2692000000001,20.1348,2,5S-3,5S
20240212_0000_029,2024-02-12T14:30:43Z,2024-02-12T16:30:41Z,1.9994444444444444,4W-22,43.12,0.58,42.16,1.04,1640.772,36.414,1,4W-2,4W
20240212_0000_030,2024-02-12T18:30:46Z,2024-02-12T20:30:46Z,2,4T-22,49.99,0.56,48.88,1.14,1902.0960000000002,39.412800000000004,2,4T-2,4T
20240212_0000_031,2024-02-12T18:30:46Z,2024-02-12T20:30:46Z,2,5W-28,15.87,0.12,15.51,0.34,603.6156000000001,11.566800000000002,2,5W-2,5W
20240212_0000_032,2024-02-12T18:30:46Z,2024-02-12T20:30:45Z,1.9997222222222222,5S-35,7.4,0.13,7.24,0.2,281.88720000000006,7.282800000000002,1,5S-3,5S
20240212_0000_033,2024-02-12T18:30:47Z,2024-02-12T20:30:46Z,1.9997222222222222,4W-22,69.58,0.74,68.03,1.57,2647.0836000000004,54.406800000000004,1,4W-2,4W
20240212_0000_034,2024-02-12T18:30:47Z,2024-02-12T20:30:45Z,1.9994444444444444,4S-41,51.56,0.48,50.41,1.14,1961.6436000000003,38.98440000000001,1,4S-4,4S
20240212_0000_035,2024-02-12T21:42:43Z,2024-02-12T21:42:53Z,0.002777777777777778,4S-12,4.32,5.43,4.22,5.31,164.07720000000003,206.91720000000004,1,4S-1,4S
20240212_0000_036,2024-02-12T21:43:01Z,2024-02-12T21:44:10Z,0.019166666666666665,4W-54,6.98,0.12,6.82,0.18,265.60800000000006,6.426,1,4W-5,4W
20240212_0000_037,2024-02-12T21:45:28Z,2024-02-12T21:52:49Z,0.1225,4W-51,12.11,34.78,11.84,34.01,460.53000000000003,1323.3276000000003,1,4W-5,4W
20240212_0000_039,2024-02-12T21:52:48Z,2024-02-12T21:55:04Z,0.03777777777777778,4W-22,115.38,1.88,112.81,2.96,4389.814800000001,104.95800000000001,1,4W-2,4W
20240212_0000_040,2024-02-12T21:55:05Z,2024-02-12T21:55:23Z,0.005,4W-32,118.33,1.47,115.69,2.78,4502.055600000001,96.8184,1,4W-3,4W
20240212_0000_041,2024-02-12T21:55:24Z,2024-02-12T21:55:53Z,0.008055555555555555,4W-32,70.39,21.29,68.83,20.86,2678.3568000000005,811.3896000000001,1,4W-3,4W
20240212_0000_042,2024-02-12T21:56:07Z,2024-02-12T22:00:12Z,0.06805555555555555,4W-51,16.55,10,16.18,9.78,629.748,380.41920000000005,1,4W-5,4W
20240212_0000_043,2024-02-12T22:00:13Z,2024-02-12T22:01:05Z,0.014444444444444444,4W-33,24.27,0.13,23.73,0.5,923.2020000000001,16.7076,1,4W-3,4W
20240212_0000_044,2024-02-12T22:21:45Z,2024-02-12T22:25:25Z,0.06111111111111111,4W-32,87.37,11.51,85.43,11.39,3324.384,441.6804000000001,1,4W-3,4W
20240212_0000_045,2024-02-12T22:21:46Z,2024-02-12T22:25:27Z,0.06138888888888889,5W-26,57.95,8.17,56.66,8.08,2204.9748000000004,313.5888,1,5W-2,5W
20240212_0000_046,2024-02-12T22:21:47Z,2024-02-12T22:29:22Z,0.12638888888888888,5S-32,67.93,28.35,66.41,27.76,2584.5371999999998,1079.5680000000002,1,5S-3,5S
20240212_0000_047,2024-02-12T22:21:48Z,2024-02-12T22:26:22Z,0.07611111111111112,4S-41,77.43,1.53,75.7,2.16,2945.6784000000002,77.96880000000002,1,4S-4,4S
20240212_0000_048,2024-02-12T22:21:48Z,2024-02-12T22:29:43Z,0.13194444444444445,4T-22,88.2,5.86,86.23,6,3355.6572,230.47920000000002,1,4T-2,4T
20240212_0000_050,2024-02-12T22:26:38Z,2024-02-12T22:27:56Z,0.021666666666666667,4S-41,78.06,0.99,76.32,1.84,2970.0972,64.26,1,4S-4,4S
20240212_0000_051,2024-02-12T22:28:46Z,2024-02-12T22:29:22Z,0.01,4S-41,78.54,8.43,76.79,8.39,2988.09,325.1556,1,4S-4,4S
20240212_0000_054,2024-02-12T22:31:12Z,2024-02-12T22:40:01Z,0.14694444444444443,4S-14,13.36,0.12,13.06,0.29,508.0824,10.281600000000001,1,4S-1,4S
20240212_0000_055,2024-02-12T22:40:02Z,2024-02-12T22:40:37Z,0.009722222222222222,4S-12,13.42,0.07,13.12,0.28,510.22440000000006,9.424800000000001,1,4S-1,4S
20240212_0000_056,2024-02-12T22:41:00Z,2024-02-12T22:42:04Z,0.017777777777777778,4S-42,16.95,0.42,16.58,0.54,645.1704000000001,19.706400000000002,1,4S-4,4S
20240212_0000_057,2024-02-12T22:42:05Z,2024-02-12T22:42:52Z,0.013055555555555556,4S-16,25.03,0.16,24.47,0.53,952.3332,17.5644,1,4S-1,4S
20240212_0000_059,2024-02-12T22:43:23Z,2024-02-12T22:43:44Z,0.005833333333333334,4S-23,47.15,0.98,46.1,1.35,1794.1392000000003,48.8376,1,4S-2,4S
20240212_0000_060,2024-02-12T22:43:45Z,2024-02-12T22:44:28Z,0.011944444444444445,4S-41,47.43,0.24,46.38,0.98,1804.8492000000003,32.9868,1,4S-4,4S
20240212_0000_061,2024-02-12T22:45:18Z,2024-02-12T22:45:54Z,0.01,5W-22,79.69,8.12,77.92,8.1,3032.2152,313.5888,1,5W-2,5W
20240212_0000_062,2024-02-12T22:45:58Z,2024-02-12T22:46:48Z,0.013888888888888888,5W-26,49.71,0.62,48.61,1.17,1891.386,40.698,1,5W-2,5W
20240212_0000_064,2024-02-12T22:47:04Z,2024-02-12T22:48:51Z,0.029722222222222223,5W-31,24.18,0.16,23.64,0.51,919.7748000000001,17.136000000000003,1,5W-3,5W
20240212_0000_065,2024-02-12T22:48:52Z,2024-02-12T22:49:10Z,0.005,5W-28,24.22,0.13,23.68,0.5,921.4884000000002,17.136000000000003,1,5W-2,5W
20240212_0000_066,2024-02-12T22:49:20Z,2024-02-12T22:50:28Z,0.01888888888888889,5W-32,12.61,0.08,12.33,0.27,479.80800000000005,8.9964,1,5W-3,5W
20240212_0000_067,2024-02-12T22:50:29Z,2024-02-12T22:52:05Z,0.02666666666666667,5W-34,12.66,0.09,12.38,0.27,481.52160000000003,8.9964,1,5W-3,5W
20240212_0000_070,2024-02-12T22:52:33Z,2024-02-12T22:53:02Z,0.008055555555555555,5S-32,80.08,0.42,78.3,1.66,3046.7808000000005,55.69200000000001,1,5S-3,5S
20240212_0000_071,2024-02-12T22:53:03Z,2024-02-12T22:53:26Z,0.006388888888888889,5S-26,75.75,4.35,74.06,4.52,2881.8468000000003,173.0736,1,5S-2,5S
20240212_0000_073,2024-02-12T22:53:36Z,2024-02-12T22:54:10Z,0.009444444444444445,5S-11,21.15,0.97,20.68,1.04,804.5352000000001,39.412800000000004,1,5S-1,5S
20240212_0000_074,2024-02-12T22:54:11Z,2024-02-12T22:54:39Z,0.0077777777777777776,5S-34,21.86,0.29,21.37,0.52,831.5244,18.4212,1,5S-3,5S
20240212_0000_075,2024-02-12T22:54:40Z,2024-02-12T22:57:14Z,0.042777777777777776,5S-11,22.76,0.29,22.26,0.54,866.2248,18.849600000000002,1,5S-1,5S
20240212_0000_076,2024-02-12T22:57:22Z,2024-02-12T22:59:25Z,0.034166666666666665,5S-35,11.86,0.52,11.6,0.56,451.53360000000004,21.42,1,5S-3,5S
20240212_0000_077,2024-02-12T22:59:29Z,2024-02-12T22:59:59Z,0.008333333333333333,5S-11,23.03,6.88,22.52,6.75,876.0780000000001,262.18080000000003,1,5S-1,5S
20240213_0000_000,2024-02-13T00:00:08Z,2024-02-13T03:00:06Z,2.9994444444444444,4T-31,37.24,0.37,36.41,0.83,1417.1472,28.702800000000003,1,4T-3,4T
20240213_0000_001,2024-02-13T05:00:08Z,2024-02-13T06:00:07Z,0.9997222222222222,4S-43,22.13,0.34,21.64,0.56,842.2344,19.706400000000002,2,4S-4,4S
20240213_0000_002,2024-02-13T05:00:08Z,2024-02-13T06:00:07Z,0.9997222222222222,5S-14,17.5,0.3,17.11,0.46,665.7336,16.2792,2,5S-1,5S
20240213_0000_003,2024-02-13T07:00:09Z,2024-02-13T12:00:08Z,4.999722222222222,4S-32,13.3,0.35,13,0.43,505.94040000000007,15.850800000000003,3,4S-3,4S
20240213_0000_004,2024-02-13T07:00:09Z,2024-02-13T12:00:08Z,4.999722222222222,5S-14,15,0.16,14.67,0.34,570.6288000000001,11.566800000000002,3,5S-1,5S
20240213_0000_005,2024-02-13T07:00:09Z,2024-02-13T12:00:08Z,4.999722222222222,5W-11,15.08,0.19,14.74,0.35,573.6276,12.4236,3,5W-1,5W
20240213_0000_006,2024-02-13T14:00:10Z,2024-02-13T15:00:09Z,0.9997222222222222,4W-27,70.34,0.96,68.77,1.7,2676.2148,59.5476,1,4W-2,4W
20240213_0000_007,2024-02-13T17:00:11Z,2024-02-13T19:00:10Z,1.9997222222222222,4T-12,75.55,0.59,73.87,1.62,2874.5640000000003,55.263600000000004,1,4T-1,4T
20240213_0000_009,2024-02-13T22:00:13Z,2024-02-14T00:00:04Z,1.9975,4S-22,12.05,0.25,11.79,0.34,458.81640000000004,12.4236,4,4S-2,4S
20240213_0000_010,2024-02-13T22:00:13Z,2024-02-14T00:00:04Z,1.9975,4W-12,17.66,0.14,17.27,0.38,671.7312000000001,12.852,4,4W-1,4W
20240213_0000_011,2024-02-13T22:00:13Z,2024-02-14T00:00:04Z,1.9975,5S-28,11.03,0.28,10.78,0.35,419.83200000000005,12.852,4,5S-2,5S
20240213_0000_012,2024-02-13T22:00:13Z,2024-02-14T00:00:04Z,1.9975,5W-13,8.54,0.13,8.35,0.21,324.72720000000004,7.711200000000001,4,5W-1,5W
20240214_0000_000,2024-02-14T00:00:04Z,2024-02-14T02:00:12Z,2.002222222222222,4S-22,12.53,0.29,12.25,0.38,476.80920000000003,14.137200000000004,3,4S-2,4S
20240214_0000_001,2024-02-14T00:00:04Z,2024-02-14T02:00:12Z,2.002222222222222,4W-12,17.63,0.14,17.23,0.38,670.446,12.852,3,4W-1,4W
20240214_0000_002,2024-02-14T00:00:04Z,2024-02-14T02:00:12Z,2.002222222222222,5S-28,11.49,0.26,11.24,0.34,437.3964000000001,12.4236,3,5S-2,5S
20240214_0000_003,2024-02-14T00:00:04Z,2024-02-14T02:00:11Z,2.0019444444444443,5W-13,8.74,0.14,8.54,0.22,332.43840000000006,7.711200000000001,1,5W-1,5W
20240214_0000_004,2024-02-14T03:00:15Z,2024-02-14T05:00:14Z,1.9997222222222222,4S-32,12.64,0.34,12.36,0.42,481.0932,15.422400000000001,1,4S-3,4S
20240214_0000_005,2024-02-14T03:00:15Z,2024-02-14T05:00:13Z,1.9994444444444444,5W-11,14.76,0.27,14.43,0.4,561.6324000000001,14.137200000000004,1,5W-1,5W
20240214_0000_006,2024-02-14T06:00:17Z,2024-02-14T09:00:16Z,2.999722222222222,4S-22,15.53,0.19,15.19,0.36,591.1920000000001,12.4236,2,4S-2,4S
20240214_0000_007,2024-02-14T06:00:17Z,2024-02-14T09:00:16Z,2.999722222222222,5S-28,14.97,0.21,14.63,0.36,569.3436,12.852,2,5S-2,5S
20240214_0000_008,2024-02-14T11:00:18Z,2024-02-14T18:00:17Z,6.999722222222222,4T-31,37.28,0.52,36.45,0.91,1418.4324,31.701600000000006,1,4T-3,4T
20240214_0000_009,2024-02-14T11:00:19Z,2024-02-14T18:00:17Z,6.999444444444444,4S-43,47.9,1.83,46.84,2.03,1822.4136000000003,76.6836,1,4S-4,4S
20240214_0000_010,2024-02-14T22:00:21Z,2024-02-15T00:00:03Z,1.995,4T-31,36.8,0.36,35.98,0.82,1400.4396,28.274400000000007,1,4T-3,4T
20240215_0000_000,2024-02-15T00:00:03Z,2024-02-15T01:00:20Z,1.0047222222222223,4T-31,37.19,0.33,36.36,0.81,1415.0052,27.846000000000004,1,4T-3,4T
20240215_0000_001,2024-02-15T07:00:23Z,2024-02-15T08:00:22Z,0.9997222222222222,4S-43,22.14,0.23,21.64,0.5,842.2344,17.136000000000003,1,4S-4,4S
20240215_0000_002,2024-02-15T11:00:24Z,2024-02-15T15:00:23Z,3.999722222222222,4T-31,37.45,0.38,36.61,0.84,1424.8583999999998,28.702800000000003,1,4T-3,4T
20240215_0000_003,2024-02-15T17:00:26Z,2024-02-15T21:00:24Z,3.9994444444444444,4S-21,47.18,1.24,46.13,1.54,1794.996,56.548800000000014,1,4S-2,4S
20240215_0000_004,2024-02-15T17:00:26Z,2024-02-15T21:00:25Z,3.999722222222222,4T-12,56.55,0.89,55.29,1.43,2151.4248,50.5512,1,4T-1,4T
20240216_0000_000,2024-02-16T00:00:27Z,2024-02-16T02:00:26Z,1.9997222222222222,4S-31,9.73,0.11,9.51,0.22,370.1376000000001,7.711200000000001,1,4S-3,4S
20240216_0000_001,2024-02-16T00:00:28Z,2024-02-16T02:00:26Z,1.9994444444444444,4W-12,17.31,0.21,16.93,0.41,658.8792000000001,14.137200000000004,1,4W-1,4W
20240216_0000_002,2024-02-16T00:00:28Z,2024-02-16T02:00:27Z,1.9997222222222222,5W-13,8.92,0.14,8.72,0.22,339.29280000000006,7.711200000000001,1,5W-1,5W
20240216_0000_003,2024-02-16T03:00:30Z,2024-02-16T07:00:28Z,3.9994444444444444,4S-32,18.09,0.4,17.69,0.53,688.0104,19.278000000000002,1,4S-3,4S
20240216_0000_004,2024-02-16T08:00:31Z,2024-02-16T15:00:30Z,6.999722222222222,5S-27,20.46,0.23,20,0.47,778.4028000000001,16.2792,1,5S-2,5S
20240216_0000_005,2024-02-16T08:00:32Z,2024-02-16T15:00:30Z,6.999444444444444,5W-21,22.57,0.26,22.07,0.52,858.5136,17.9928,1,5W-2,5W
20240216_0000_006,2024-02-16T17:00:32Z,2024-02-16T20:00:32Z,3,4S-43,48.41,0.4,47.33,1.05,1842.1200000000001,35.9856,1,4S-4,4S
20240217_0000_000,2024-02-17T00:00:34Z,2024-02-17T06:00:33Z,5.999722222222222,4S-22,15.84,0.11,15.49,0.34,602.7588000000001,11.566800000000002,3,4S-2,4S
20240217_0000_001,2024-02-17T00:00:34Z,2024-02-17T06:00:33Z,5.999722222222222,4W-12,17.32,0.17,16.93,0.38,658.8792000000001,13.280400000000002,3,4W-1,4W
20240217_0000_002,2024-02-17T00:00:34Z,2024-02-17T06:00:33Z,5.999722222222222,5S-25,9.94,0.11,9.72,0.23,378.2772,7.711200000000001,3,5S-2,5S
20240217_0000_003,2024-02-17T09:00:35Z,2024-02-17T12:00:34Z,2.999722222222222,4S-43,22.97,0.42,22.46,0.62,873.936,22.2768,1,4S-4,4S
20240217_0000_004,2024-02-17T16:00:37Z,2024-02-17T20:00:36Z,3.999722222222222,5S-27,51.13,1.12,49.99,1.5,1945.3644000000002,54.8352,1,5S-2,5S
20240218_0000_000,2024-02-18T00:00:39Z,2024-02-18T02:00:38Z,1.9997222222222222,5S-12,30.75,0.77,30.06,0.97,1169.9604000000002,35.5572,1,5S-1,5S
20240218_0000_001,2024-02-18T05:00:40Z,2024-02-18T07:00:40Z,2,4W-12,17.37,0.24,16.98,0.42,661.0212,14.994000000000002,2,4W-1,4W
20240218_0000_002,2024-02-18T05:00:40Z,2024-02-18T07:00:40Z,2,5W-16,9.3,0.13,9.09,0.23,353.8584,8.1396,2,5W-1,5W
20240218_0000_003,2024-02-18T05:00:41Z,2024-02-18T07:00:39Z,1.9994444444444444,4S-44,10.19,0.2,9.96,0.29,387.70200000000006,10.281600000000001,1,4S-4,4S
20240218_0000_004,2024-02-18T05:00:41Z,2024-02-18T07:00:40Z,1.9997222222222222,5S-15,9.94,0.19,9.72,0.27,378.2772,9.853200000000001,1,5S-1,5S
20240218_0000_005,2024-02-18T08:00:42Z,2024-02-18T15:00:41Z,6.999722222222222,4S-22,19.06,0.19,18.63,0.43,725.2812,14.565600000000003,1,4S-2,4S
20240218_0000_006,2024-02-18T08:00:43Z,2024-02-18T15:00:41Z,6.999444444444444,5S-28,18.18,0.19,17.77,0.41,691.4376000000001,14.137200000000004,1,5S-2,5S
20240218_0000_007,2024-02-18T18:00:44Z,2024-02-18T23:00:43Z,4.999722222222222,4S-43,45.97,0.5,44.95,1.04,1749.1572,35.9856,2,4S-4,4S
20240218_0000_008,2024-02-18T18:00:44Z,2024-02-18T23:00:43Z,4.999722222222222,4W-27,46.56,0.4,45.53,1.01,1771.4340000000002,34.70040000000001,2,4W-2,4W
20240219_0000_000,2024-02-19T00:00:46Z,2024-02-19T02:00:44Z,1.9994444444444444,4S-21,21.63,0.29,21.15,0.52,822.9564000000001,18.4212,1,4S-2,4S
20240219_0000_001,2024-02-19T04:00:49Z,2024-02-19T07:00:47Z,2.9994444444444444,4S-44,9.65,0.08,9.43,0.21,367.1388,7.282800000000002,1,4S-4,4S
20240219_0000_002,2024-02-19T04:00:49Z,2024-02-19T07:00:48Z,2.999722222222222,4W-12,17.16,0.23,16.78,0.41,652.8816,14.565600000000003,3,4W-1,4W
20240219_0000_003,2024-02-19T04:00:49Z,2024-02-19T07:00:48Z,2.999722222222222,5S-25,9.29,0.15,9.09,0.24,353.43000000000006,8.568000000000001,3,5S-2,5S
20240219_0000_004,2024-02-19T04:00:49Z,2024-02-19T07:00:48Z,2.999722222222222,5W-13,8.89,0.11,8.69,0.21,338.43600000000004,7.282800000000002,3,5W-1,5W
20240219_0000_005,2024-02-19T11:00:50Z,2024-02-19T12:00:49Z,0.9997222222222222,4S-21,22.07,0.34,21.58,0.55,839.6640000000001,19.706400000000002,2,4S-2,4S
20240219_0000_006,2024-02-19T11:00:50Z,2024-02-19T12:00:49Z,0.9997222222222222,4W-12,17.47,0.22,17.09,0.41,664.8768000000001,14.137200000000004,2,4W-1,4W
20240219_0000_007,2024-02-19T16:00:50Z,2024-02-19T20:00:50Z,4,4T-22,55.91,0.59,54.66,1.26,2127.006,43.2684,1,4T-2,4T
20240219_0000_008,2024-02-19T16:00:51Z,2024-02-19T20:00:49Z,3.9994444444444444,4S-43,45.85,0.55,44.83,1.07,1744.4448,37.2708,1,4S-4,4S
20240219_0000_009,2024-02-19T16:00:51Z,2024-02-19T20:00:50Z,3.999722222222222,5S-12,29.13,0.51,28.48,0.77,1108.2708000000002,27.4176,1,5S-1,5S
20240220_0000_000,2024-02-20T00:08:08Z,2024-02-20T03:08:08Z,3,5S-28,17.01,0.48,16.63,0.58,647.3124,21.42,1,5S-2,5S
20240220_0000_001,2024-02-20T00:08:09Z,2024-02-20T03:08:08Z,2.999722222222222,4S-22,17.91,0.58,17.51,0.67,681.5844000000001,24.8472,1,4S-2,4S
20240220_0000_002,2024-02-20T05:08:09Z,2024-02-20T07:08:08Z,1.9997222222222222,4W-12,9.17,0.16,8.96,0.24,348.7176,8.568000000000001,1,4W-1,4W
20240220_0000_003,2024-02-20T05:08:10Z,2024-02-20T07:08:08Z,1.9994444444444444,4S-32,10.96,0.29,10.72,0.36,417.26160000000004,13.280400000000002,1,4S-3,4S
20240220_0000_004,2024-02-20T05:08:10Z,2024-02-20T07:08:09Z,1.9997222222222222,5S-14,11.69,0.16,11.43,0.28,444.6792000000001,9.853200000000001,1,5S-1,5S
20240220_0000_005,2024-02-20T08:08:10Z,2024-02-20T15:08:10Z,7,4T-32,7.09,0.17,6.93,0.22,269.89200000000005,8.1396,2,4T-3,4T
20240220_0000_006,2024-02-20T08:08:10Z,2024-02-20T15:08:10Z,7,5W-17,12.01,0.24,11.74,0.34,457.1028,12.4236,2,5W-1,5W
20240220_0000_007,2024-02-20T08:08:11Z,2024-02-20T15:08:09Z,6.999444444444444,4S-22,12.99,0.26,12.7,0.36,493.9452,13.280400000000002,1,4S-2,4S
20240220_0000_008,2024-02-20T08:08:11Z,2024-02-20T15:08:10Z,6.999722222222222,5S-28,11.88,0.27,11.62,0.36,451.96200000000005,12.852,1,5S-2,5S
20240220_0000_009,2024-02-20T18:08:12Z,2024-02-20T21:08:10Z,2.9994444444444444,5S-12,48.51,0.6,47.43,1.14,1845.9756000000002,39.412800000000004,2,5S-1,5S
20240220_0000_010,2024-02-20T18:08:12Z,2024-02-20T21:08:10Z,2.9994444444444444,5W-18,48.53,0.38,47.45,1.04,1846.4040000000002,35.5572,2,5W-1,5W
20240221_0000_000,2024-02-21T00:08:13Z,2024-02-21T06:08:12Z,5.999722222222222,4T-11,4.59,0.16,4.49,0.18,174.7872,6.8544,2,4T-1,4T
20240221_0000_001,2024-02-21T00:08:13Z,2024-02-21T06:08:11Z,5.999444444444444,4W-12,17.52,0.2,17.13,0.4,666.5904,14.137200000000004,1,4W-1,4W
20240221_0000_002,2024-02-21T00:08:13Z,2024-02-21T06:08:12Z,5.999722222222222,5S-25,12.37,0.48,12.1,0.53,470.81160000000006,20.1348,2,5S-2,5S
20240221_0000_003,2024-02-21T08:08:15Z,2024-02-21T10:08:15Z,2,4S-31,9.62,0.13,9.4,0.23,365.8536,8.1396,1,4S-3,4S
20240221_0000_004,2024-02-21T08:08:16Z,2024-02-21T10:08:14Z,1.9994444444444444,4T-11,4.65,0.04,4.55,0.1,176.9292,3.4272,1,4T-1,4T
20240221_0000_005,2024-02-21T08:08:16Z,2024-02-21T10:08:15Z,1.9997222222222222,5S-25,9.23,0.13,9.02,0.22,351.288,7.711200000000001,2,5S-2,5S
20240221_0000_006,2024-02-21T08:08:16Z,2024-02-21T10:08:15Z,1.9997222222222222,5W-13,8.78,0.08,8.58,0.19,333.72360000000003,6.426,2,5W-1,5W
20240221_0000_007,2024-02-21T13:08:18Z,2024-02-21T17:08:17Z,3.999722222222222,5S-14,17.11,0.67,16.72,0.74,650.7396,27.846000000000004,1,5S-1,5S
20240221_0000_008,2024-02-21T13:08:19Z,2024-02-21T17:08:17Z,3.9994444444444444,4T-11,4.63,0.18,4.53,0.2,176.07240000000002,7.711200000000001,1,4T-1,4T
20240221_0000_009,2024-02-21T19:08:19Z,2024-02-21T22:08:19Z,3,4T-12,113.55,0.88,111.03,2.44,4320.414,83.10960000000001,1,4T-1,4T
20240221_0000_010,2024-02-21T19:08:20Z,2024-02-21T22:08:19Z,2.999722222222222,4W-11,46.16,0.34,45.13,0.99,1756.0116000000003,33.4152,1,4W-1,4W
20240222_0000_000,2024-02-22T01:08:22Z,2024-02-22T05:08:21Z,3.999722222222222,4S-44,9.56,0.16,9.35,0.24,363.71160000000003,8.568000000000001,4,4S-4,4S
20240222_0000_001,2024-02-22T01:08:22Z,2024-02-22T05:08:21Z,3.999722222222222,4T-11,2.45,0.04,2.39,0.06,92.9628,2.1420000000000003,4,4T-1,4T
20240222_0000_002,2024-02-22T01:08:22Z,2024-02-22T05:08:21Z,3.999722222222222,4W-12,17.31,0.25,16.93,0.43,658.8792000000001,14.994000000000002,4,4W-1,4W
20240222_0000_003,2024-02-22T01:08:22Z,2024-02-22T05:08:21Z,3.999722222222222,5W-16,8.74,0.11,8.54,0.21,332.43840000000006,7.282800000000002,4,5W-1,5W
20240222_0000_004,2024-02-22T07:08:24Z,2024-02-22T08:08:23Z,0.9997222222222222,4S-22,15.02,0.14,14.69,0.33,571.4856,11.566800000000002,3,4S-2,4S
20240222_0000_005,2024-02-22T07:08:24Z,2024-02-22T08:08:23Z,0.9997222222222222,5S-28,14.47,0.16,14.15,0.33,550.494,11.566800000000002,3,5S-2,5S
20240222_0000_006,2024-02-22T07:08:24Z,2024-02-22T08:08:23Z,0.9997222222222222,5W-17,14.55,0.1,14.22,0.31,553.4928000000001,10.281600000000001,3,5W-1,5W
20240222_0000_007,2024-02-22T10:08:27Z,2024-02-22T11:08:26Z,0.9997222222222222,4S-32,10.18,0.47,9.95,0.5,387.2736,19.278000000000002,3,4S-3,4S
20240222_0000_008,2024-02-22T10:08:27Z,2024-02-22T11:08:26Z,0.9997222222222222,5S-14,11.45,0.2,11.19,0.3,435.68280000000004,10.71,3,5S-1,5S
20240222_0000_009,2024-02-22T10:08:27Z,2024-02-22T11:08:26Z,0.9997222222222222,5W-11,11.59,0.1,11.33,0.25,440.8236,8.568000000000001,3,5W-1,5W
20240222_0000_010,2024-02-22T14:08:29Z,2024-02-22T19:08:28Z,4.999722222222222,4W-11,87.95,0.74,85.99,1.91,3346.2324000000003,65.1168,1,4W-1,4W
20240222_0000_011,2024-02-22T22:08:31Z,2024-02-23T00:00:09Z,1.8605555555555555,4W-11,22.72,0.22,22.21,0.5,864.5112,17.136000000000003,1,4W-1,4W
20240222_0000_012,2024-02-22T22:08:32Z,2024-02-23T00:00:09Z,1.8602777777777777,4T-32,7.54,0.1,7.38,0.18,287.028,6.426,3,4T-3,4T
20240222_0000_013,2024-02-22T22:08:32Z,2024-02-23T00:00:09Z,1.8602777777777777,5S-27,19.33,0.28,18.9,0.47,735.1344000000001,16.7076,3,5S-2,5S
20240222_0000_014,2024-02-22T22:08:32Z,2024-02-23T00:00:09Z,1.8602777777777777,5W-21,21.21,0.21,20.74,0.47,807.1056,16.2792,3,5W-2,5W
20240223_0000_000,2024-02-23T00:00:09Z,2024-02-23T00:08:31Z,0.13944444444444445,5S-27,19.4,0.17,18.97,0.42,738.1332000000001,14.565600000000003,3,5S-2,5S
20240223_0000_001,2024-02-23T00:00:09Z,2024-02-23T00:08:31Z,0.13944444444444445,4T-32,7.6,0.18,7.43,0.23,289.17,8.568000000000001,3,4T-3,4T
20240223_0000_002,2024-02-23T00:00:09Z,2024-02-23T00:08:31Z,0.13944444444444445,4W-11,22.74,0.24,22.24,0.51,865.368,17.5644,3,4W-1,4W
20240223_0000_003,2024-02-23T00:00:09Z,2024-02-23T00:08:30Z,0.13916666666666666,5W-21,21.32,0.12,20.84,0.44,810.9612000000001,14.994000000000002,1,5W-2,5W
20240223_0000_004,2024-02-23T01:08:34Z,2024-02-23T05:08:33Z,3.999722222222222,4W-12,17.32,0.22,16.93,0.41,658.8792000000001,14.137200000000004,2,4W-1,4W
20240223_0000_005,2024-02-23T01:08:34Z,2024-02-23T05:08:33Z,3.999722222222222,5S-25,9.35,0.23,9.15,0.29,356.00040000000007,10.71,2,5S-2,5S
20240223_0000_006,2024-02-23T01:08:35Z,2024-02-23T05:08:33Z,3.9994444444444444,5W-13,8.89,0.19,8.69,0.25,338.0076,9.424800000000001,1,5W-1,5W
20240223_0000_007,2024-02-23T07:08:35Z,2024-02-23T13:08:35Z,6,4T-11,4.84,0.09,4.73,0.13,184.212,4.712400000000001,1,4T-1,4T
20240223_0000_009,2024-02-23T07:08:36Z,2024-02-23T13:08:35Z,5.999722222222222,4S-44,9.98,0.17,9.76,0.26,379.5624,9.424800000000001,3,4S-4,4S
20240223_0000_010,2024-02-23T07:08:36Z,2024-02-23T13:08:35Z,5.999722222222222,5S-15,9.6,0.17,9.38,0.26,364.9968,9.424800000000001,3,5S-1,5S
20240223_0000_011,2024-02-23T07:08:36Z,2024-02-23T13:08:35Z,5.999722222222222,4W-12,17.21,0.33,16.83,0.47,655.0236,17.136000000000003,3,4W-1,4W
20240223_0000_012,2024-02-23T16:08:38Z,2024-02-23T20:08:38Z,4,4W-11,46.77,0.45,45.73,1.04,1779.5736000000002,35.5572,1,4W-1,4W
20240223_0000_013,2024-02-23T16:08:38Z,2024-02-23T20:08:37Z,3.999722222222222,4S-22,21.73,0.53,21.24,0.68,826.812,24.8472,2,4S-2,4S
20240223_0000_014,2024-02-23T16:08:38Z,2024-02-23T20:08:37Z,3.999722222222222,4T-12,76.23,1.11,74.53,1.87,2900.268,65.9736,2,4T-1,4T
20240223_0000_015,2024-02-23T16:08:39Z,2024-02-23T20:08:37Z,3.9994444444444444,5S-27,19.93,0.58,19.48,0.7,758.268,25.704,1,5S-2,5S
20240223_0000_016,2024-02-23T22:08:40Z,2024-02-24T00:00:04Z,1.8566666666666667,5S-12,29.58,0.39,28.93,0.71,1125.4068000000002,24.8472,2,5S-1,5S
20240223_0000_017,2024-02-23T22:08:40Z,2024-02-24T00:00:04Z,1.8566666666666667,5W-18,32.64,0.34,31.91,0.73,1241.9316,25.2756,2,5W-1,5W
20240223_0000_018,2024-02-23T22:08:41Z,2024-02-24T00:00:04Z,1.8563888888888889,4S-43,46.66,0.59,45.63,1.1,1775.2896,38.556000000000004,1,4S-4,4S
20240224_0000_000,2024-02-24T00:00:04Z,2024-02-24T00:08:39Z,0.14305555555555555,5W-18,33.05,0.19,32.32,0.69,1257.3540000000003,23.133600000000005,3,5W-1,5W
20240224_0000_001,2024-02-24T00:00:04Z,2024-02-24T00:08:39Z,0.14305555555555555,5S-12,29.92,0.17,29.25,0.62,1138.2588,20.991600000000002,3,5S-1,5S
20240224_0000_002,2024-02-24T00:00:04Z,2024-02-24T00:08:39Z,0.14305555555555555,4S-43,47.28,0.27,46.23,0.98,1798.8516000000002,32.9868,3,4S-4,4S
20240224_0000_004,2024-02-24T04:08:42Z,2024-02-24T07:08:41Z,2.999722222222222,5W-13,9.08,0.2,8.88,0.27,345.29040000000003,9.853200000000001,1,5W-1,5W
20240224_0000_005,2024-02-24T04:08:42Z,2024-02-24T07:08:40Z,2.9994444444444444,5S-25,9.61,0.22,9.39,0.29,365.4252,10.71,2,5S-2,5S
20240224_0000_006,2024-02-24T04:08:42Z,2024-02-24T07:08:40Z,2.9994444444444444,4S-31,8.21,0.19,8.02,0.25,312.3036,8.9964,2,4S-3,4S
20240224_0000_007,2024-02-24T09:08:43Z,2024-02-24T10:08:43Z,1,4T-11,4.8,0.08,4.69,0.13,182.4984,4.284000000000001,1,4T-1,4T
20240224_0000_008,2024-02-24T09:08:44Z,2024-02-24T10:08:43Z,0.9997222222222222,4S-44,9.92,0.12,9.7,0.23,377.42040000000003,8.1396,1,4S-4,4S
20240224_0000_009,2024-02-24T09:08:44Z,2024-02-24T10:08:42Z,0.9994444444444445,5W-16,9.1,0.1,8.9,0.21,346.1472,7.282800000000002,1,5W-1,5W
20240224_0000_010,2024-02-24T12:08:46Z,2024-02-24T14:08:45Z,1.9997222222222222,4S-22,22.35,0.17,21.85,0.48,850.3740000000001,16.2792,1,4S-2,4S
20240224_0000_011,2024-02-24T15:08:47Z,2024-02-24T19:08:46Z,3.999722222222222,4T-11,6.78,0.2,6.63,0.24,257.8968,8.9964,3,4T-1,4T
20240224_0000_012,2024-02-24T15:08:47Z,2024-02-24T19:08:46Z,3.999722222222222,5S-25,9.04,0.27,8.84,0.32,344.0052,11.995200000000002,3,5S-2,5S
20240224_0000_013,2024-02-24T15:08:47Z,2024-02-24T19:08:46Z,3.999722222222222,4S-31,9.44,0.25,9.23,0.31,358.9992000000001,11.1384,3,4S-3,4S
20240224_0000_014,2024-02-24T21:08:49Z,2024-02-25T00:00:01Z,2.8533333333333335,4T-11,4.5,0.06,4.4,0.11,171.36,3.8556000000000004,4,4T-1,4T
20240224_0000_015,2024-02-24T21:08:49Z,2024-02-25T00:00:01Z,2.8533333333333335,4S-44,9.27,0.14,9.07,0.23,353.0016,8.1396,4,4S-4,4S
20240224_0000_016,2024-02-24T21:08:49Z,2024-02-25T00:00:01Z,2.8533333333333335,5S-15,8.87,0.17,8.67,0.24,337.5792,8.568000000000001,4,5S-1,5S
20240224_0000_017,2024-02-24T21:08:49Z,2024-02-25T00:00:01Z,2.8533333333333335,4W-12,16.93,0.17,16.55,0.38,643.8852,12.852,4,4W-1,4W
20240224_0000_018,2024-02-24T21:08:50Z,2024-02-25T00:00:01Z,2.8530555555555557,5W-16,8.54,0.1,8.35,0.2,325.1556,6.8544,1,5W-1,5W
20240225_0000_000,2024-02-25T00:00:01Z,2024-02-25T00:08:48Z,0.1463888888888889,4S-44,9.36,0.07,9.16,0.2,356.4288,6.8544,3,4S-4,4S
20240225_0000_001,2024-02-25T00:00:01Z,2024-02-25T00:08:48Z,0.1463888888888889,4T-11,4.55,0.04,4.45,0.1,173.0736,3.4272,3,4T-1,4T
20240225_0000_002,2024-02-25T00:00:01Z,2024-02-25T00:08:49Z,0.14666666666666667,4W-12,16.96,0.1,16.58,0.36,645.1704000000001,11.995200000000002,2,4W-1,4W
20240225_0000_003,2024-02-25T00:00:01Z,2024-02-25T00:08:48Z,0.1463888888888889,5S-15,9.05,0.07,8.85,0.19,344.4336,6.426,3,5S-1,5S
20240225_0000_004,2024-02-25T00:00:01Z,2024-02-25T00:08:49Z,0.14666666666666667,5W-16,8.63,0.07,8.44,0.19,328.5828,6.426,2,5W-1,5W
20240225_0000_005,2024-02-25T01:08:51Z,2024-02-25T05:08:50Z,3.999722222222222,4S-31,9.59,0.14,9.37,0.23,364.5684,8.1396,2,4S-3,4S
20240225_0000_006,2024-02-25T01:08:51Z,2024-02-25T05:08:50Z,3.999722222222222,5W-13,8.82,0.11,8.63,0.21,335.4372,7.282800000000002,2,5W-1,5W
20240225_0000_007,2024-02-25T07:08:53Z,2024-02-25T11:08:52Z,3.999722222222222,4W-12,16.93,0.39,16.55,0.51,644.3136,18.849600000000002,2,4W-1,4W
20240225_0000_008,2024-02-25T07:08:53Z,2024-02-25T11:08:52Z,3.999722222222222,5S-15,9.16,0.26,8.96,0.31,348.7176,11.566800000000002,2,5S-1,5S
20240225_0000_009,2024-02-25T07:08:54Z,2024-02-25T11:08:52Z,3.9994444444444444,5W-16,8.77,0.21,8.57,0.27,333.72360000000003,9.853200000000001,1,5W-1,5W
20240225_0000_010,2024-02-25T13:08:54Z,2024-02-25T16:08:53Z,2.999722222222222,4S-31,9.38,0.31,9.18,0.36,356.85720000000003,13.7088,2,4S-3,4S
20240225_0000_011,2024-02-25T13:08:54Z,2024-02-25T16:08:53Z,2.999722222222222,4W-12,17.3,0.15,16.91,0.38,658.0224000000001,12.852,2,4W-1,4W
20240225_0000_012,2024-02-25T19:08:55Z,2024-02-25T22:08:55Z,3,4S-44,8.77,0.28,8.57,0.33,333.2952,11.995200000000002,1,4S-4,4S
20240225_0000_013,2024-02-25T19:08:56Z,2024-02-25T22:08:55Z,2.999722222222222,5W-16,8.41,0.1,8.22,0.2,320.0148,6.8544,1,5W-1,5W
20240226_0000_004,2024-02-26T00:08:58Z,2024-02-26T05:08:57Z,4.999722222222222,4T-32,4.58,0.05,4.48,0.1,174.3588,3.4272,2,4T-3,4T
20240226_0000_005,2024-02-26T00:08:58Z,2024-02-26T05:08:57Z,4.999722222222222,5S-25,9.03,0.11,8.83,0.21,343.5768,7.282800000000002,2,5S-2,5S
20240226_0000_006,2024-02-26T07:08:59Z,2024-02-26T13:08:58Z,5.999722222222222,5W-16,8.74,0.09,8.54,0.2,332.43840000000006,6.8544,1,5W-1,5W
20240226_0000_007,2024-02-26T07:09:00Z,2024-02-26T13:08:58Z,5.999444444444444,4T-11,7.73,0.08,7.56,0.17,293.8824,5.997600000000001,2,4T-1,4T
20240226_0000_008,2024-02-26T07:09:00Z,2024-02-26T13:08:58Z,5.999444444444444,5S-15,9.16,0.12,8.95,0.22,348.28920000000005,7.711200000000001,2,5S-1,5S
20240226_0000_009,2024-02-26T16:09:01Z,2024-02-26T21:09:00Z,4.999722222222222,4T-12,74.66,0.71,73,1.65,2840.7204,56.548800000000014,1,4T-1,4T
20240226_0000_010,2024-02-26T16:09:01Z,2024-02-26T21:08:59Z,4.999444444444444,5W-21,54.02,0.61,52.82,1.24,2055.4631999999997,42.84,1,5W-2,5W
20240227_0000_000,2024-02-27T00:00:05Z,2024-02-27T06:00:03Z,5.999444444444444,4S-14,12.14,0.27,11.87,0.36,462.24359999999996,13.280400000000002,5,4S-1,4S
20240227_0000_001,2024-02-27T00:00:05Z,2024-02-27T06:00:03Z,5.999444444444444,5W-32,12.04,0.26,11.78,0.35,458.388,12.852,5,5W-3,5W
20240227_0000_002,2024-02-27T00:00:05Z,2024-02-27T06:00:03Z,5.999444444444444,4T-32,7.85,0.22,7.68,0.27,298.5948,9.853200000000001,5,4T-3,4T
20240227_0000_003,2024-02-27T00:00:05Z,2024-02-27T06:00:03Z,5.999444444444444,4W-51,16.91,0.26,16.53,0.42,643.4568,14.994000000000002,5,4W-5,4W
20240227_0000_004,2024-02-27T00:00:05Z,2024-02-27T06:00:03Z,5.999444444444444,5S-36,11.06,0.25,10.81,0.33,420.68880000000007,11.995200000000002,5,5S-3,5S
20240227_0000_005,2024-02-27T09:00:05Z,2024-02-27T12:00:05Z,3,4W-33,16.84,0.15,16.47,0.37,640.8864000000001,12.4236,1,4W-3,4W
20240227_0000_006,2024-02-27T09:00:06Z,2024-02-27T12:00:04Z,2.9994444444444444,4S-12,9.63,0.09,9.41,0.21,366.28200000000004,7.282800000000002,1,4S-1,4S
20240227_0000_007,2024-02-27T09:00:06Z,2024-02-27T12:00:05Z,2.999722222222222,5W-34,8.83,0.08,8.64,0.19,335.86560000000003,6.426,2,5W-3,5W
20240227_0000_008,2024-02-27T09:00:06Z,2024-02-27T12:00:05Z,2.999722222222222,5S-35,9.23,0.1,9.02,0.21,350.8596,7.282800000000002,2,5S-3,5S
20240227_0000_009,2024-02-27T15:00:06Z,2024-02-27T17:00:06Z,2,4W-32,47.32,0.38,46.27,1.02,1800.5652000000002,34.70040000000001,1,4W-3,4W
20240227_0000_010,2024-02-27T15:00:06Z,2024-02-27T17:00:05Z,1.9997222222222222,5W-28,18.71,0.21,18.3,0.43,712.0008000000001,14.565600000000003,1,5W-2,5W
20240227_0000_011,2024-02-27T15:00:07Z,2024-02-27T17:00:06Z,1.9997222222222222,4T-12,129.78,1.14,126.89,2.83,4937.738400000001,96.8184,1,4T-1,4T
20240227_0000_012,2024-02-27T18:00:09Z,2024-02-28T00:00:03Z,5.998333333333333,5S-11,23.89,0.25,23.36,0.54,909.0648000000001,18.4212,5,5S-1,5S
20240227_0000_013,2024-02-27T18:00:09Z,2024-02-28T00:00:03Z,5.998333333333333,4T-31,77.63,0.74,75.9,1.72,2953.3896000000004,59.1192,5,4T-3,4T
20240227_0000_014,2024-02-27T18:00:09Z,2024-02-28T00:00:03Z,5.998333333333333,4S-41,48.22,0.53,47.15,1.1,1834.8372000000002,38.12760000000001,5,4S-4,4S
20240227_0000_015,2024-02-27T18:00:09Z,2024-02-28T00:00:03Z,5.998333333333333,4W-22,47.27,0.49,46.21,1.06,1798.4232,36.8424,5,4W-2,4W
20240227_0000_016,2024-02-27T18:00:09Z,2024-02-28T00:00:03Z,5.998333333333333,5W-26,34.5,0.33,33.73,0.76,1312.6176000000003,26.132400000000004,5,5W-2,5W
20240228_0000_005,2024-02-28T02:00:11Z,2024-02-28T04:00:10Z,1.9997222222222222,5S-32,31.75,0.37,31.05,0.73,1208.088,25.704,1,5S-3,5S
20240228_0000_006,2024-02-28T07:00:13Z,2024-02-28T14:00:12Z,6.999722222222222,4T-32,7.44,9.13,7.28,8.93,283.17240000000004,347.4324,2,4T-3,4T
20240228_0000_007,2024-02-28T07:00:13Z,2024-02-28T14:00:12Z,6.999722222222222,4W-51,17.07,0.27,16.69,0.43,649.4544000000001,15.422400000000001,2,4W-5,4W
20240228_0000_008,2024-02-28T07:00:13Z,2024-02-28T14:00:13Z,7,5W-32,9.37,0.12,9.16,0.22,356.4288,7.711200000000001,1,5W-3,5W
20240228_0000_009,2024-02-28T07:00:14Z,2024-02-28T14:00:12Z,6.999444444444444,4S-14,10.39,0.12,10.16,0.24,395.4132000000001,8.1396,2,4S-1,4S
20240228_0000_010,2024-02-28T07:00:14Z,2024-02-28T14:00:12Z,6.999444444444444,5S-36,10.06,0.17,9.84,0.26,382.5612,8.9964,2,5S-3,5S
20240228_0000_011,2024-02-28T16:00:15Z,2024-02-28T23:00:15Z,7,4T-22,123.26,2.17,120.52,3.26,4689.6948,116.52480000000003,1,4T-2,4T
20240228_0000_012,2024-02-28T16:00:16Z,2024-02-28T23:00:15Z,6.999722222222222,5S-26,29.53,0.97,28.88,1.12,1123.6932000000002,41.55480000000001,2,5S-2,5S
20240228_0000_013,2024-02-28T16:00:16Z,2024-02-28T23:00:15Z,6.999722222222222,5W-26,32.83,1.09,32.1,1.25,1249.2144,46.695600000000006,2,5W-2,5W
20240229_0000_000,2024-02-29T01:00:17Z,2024-02-29T03:00:16Z,1.9997222222222222,4S-14,13.28,0.25,12.98,0.36,505.08360000000005,13.280400000000002,2,4S-1,4S
20240229_0000_001,2024-02-29T01:00:17Z,2024-02-29T03:00:16Z,1.9997222222222222,5W-32,12.7,0.13,12.42,0.28,483.23519999999996,9.853200000000001,2,5W-3,5W
20240229_0000_002,2024-02-29T04:00:20Z,2024-02-29T07:00:19Z,2.999722222222222,4S-41,22.32,0.35,21.82,0.56,849.0888,20.1348,2,4S-4,4S
20240229_0000_003,2024-02-29T04:00:20Z,2024-02-29T07:00:19Z,2.999722222222222,4W-22,23,0.2,22.49,0.5,875.2212000000001,17.136000000000003,2,4W-2,4W
20240229_0000_004,2024-02-29T08:00:21Z,2024-02-29T14:00:20Z,5.999722222222222,5S-36,13.02,0.19,12.73,0.32,495.2304000000001,11.1384,1,5S-3,5S
20240229_0000_005,2024-02-29T08:00:22Z,2024-02-29T14:00:20Z,5.999444444444444,4W-32,23.03,0.21,22.51,0.5,876.0780000000001,17.136000000000003,1,4W-3,4W
20240229_0000_006,2024-02-29T16:00:23Z,2024-02-29T17:00:22Z,0.9997222222222222,4S-23,46.03,0.38,45.01,1,1751.2992000000002,33.8436,1,4S-2,4S
20240229_0000_007,2024-02-29T19:00:25Z,2024-03-01T00:00:06Z,4.994722222222222,4S-23,20.47,0.33,20.02,0.52,778.8312,18.849600000000002,4,4S-2,4S
20240229_0000_008,2024-02-29T19:00:25Z,2024-03-01T00:00:06Z,4.994722222222222,4W-32,87.7,0.94,85.75,1.99,3336.8076,68.54400000000001,4,4W-3,4W
20240229_0000_009,2024-02-29T19:00:25Z,2024-03-01T00:00:06Z,4.994722222222222,5S-11,21.64,0.27,21.16,0.51,823.3848,17.9928,4,5S-1,5S
20240229_0000_010,2024-02-29T19:00:25Z,2024-03-01T00:00:06Z,4.994722222222222,5W-22,31.56,0.33,30.86,0.71,1200.8052000000002,24.4188,4,5W-2,5W
20240301_0000_000,2024-03-01T00:00:06Z,2024-03-01T00:00:24Z,0.005,4S-23,20.71,0.11,20.25,0.43,788.256,14.565600000000003,4,4S-2,4S
20240301_0000_001,2024-03-01T00:00:06Z,2024-03-01T00:00:24Z,0.005,4W-32,88.28,0.44,86.32,1.82,3359.0844,61.2612,4,4W-3,4W
20240301_0000_002,2024-03-01T00:00:06Z,2024-03-01T00:00:24Z,0.005,5S-11,21.83,0.11,21.34,0.45,830.6676000000001,14.994000000000002,4,5S-1,5S
20240301_0000_003,2024-03-01T00:00:06Z,2024-03-01T00:00:24Z,0.005,5W-22,31.83,0.17,31.12,0.66,1211.0868,22.2768,4,5W-2,5W
20240301_0000_004,2024-03-01T03:00:28Z,2024-03-01T07:00:26Z,3.9994444444444444,4S-12,9.47,0.24,9.26,0.3,360.28440000000006,11.1384,3,4S-1,4S
20240301_0000_005,2024-03-01T03:00:28Z,2024-03-01T07:00:26Z,3.9994444444444444,4W-33,17.49,0.19,17.11,0.4,665.7336,13.7088,3,4W-3,4W
20240301_0000_006,2024-03-01T03:00:28Z,2024-03-01T07:00:26Z,3.9994444444444444,5S-35,9.06,0.26,8.86,0.31,344.4336,11.566800000000002,3,5S-3,5S
20240301_0000_007,2024-03-01T03:00:28Z,2024-03-01T07:00:27Z,3.999722222222222,5W-34,8.64,0.15,8.45,0.23,328.5828,8.1396,1,5W-3,5W
20240301_0000_008,2024-03-01T09:00:29Z,2024-03-01T15:00:28Z,5.999722222222222,5W-32,8.79,0.11,8.6,0.21,334.58040000000005,7.282800000000002,1,5W-3,5W
20240301_0000_009,2024-03-01T09:00:30Z,2024-03-01T15:00:28Z,5.999444444444444,4T-11,6.98,0.11,6.82,0.18,265.60800000000006,6.426,2,4T-1,4T
20240301_0000_010,2024-03-01T09:00:30Z,2024-03-01T15:00:28Z,5.999444444444444,4W-51,17.39,0.23,17,0.41,661.4496,14.565600000000003,2,4W-5,4W
20240301_0000_011,2024-03-01T17:00:31Z,2024-03-01T22:00:30Z,4.999722222222222,4W-22,86.07,0.61,84.15,1.83,3274.6896,62.117999999999995,1,4W-2,4W
20240302_0000_000,2024-03-02T00:00:32Z,2024-03-02T04:00:31Z,3.999722222222222,4S-12,9.16,0.43,8.96,0.46,348.7176,17.5644,2,4S-1,4S
20240302_0000_001,2024-03-02T00:00:32Z,2024-03-02T04:00:32Z,4,4W-33,17.42,0.22,17.03,0.41,662.7348000000002,14.137200000000004,1,4W-3,4W
20240302_0000_002,2024-03-02T00:00:32Z,2024-03-02T04:00:31Z,3.999722222222222,5S-35,8.64,0.45,8.44,0.47,328.5828,17.9928,2,5S-3,5S
20240302_0000_003,2024-03-02T00:00:33Z,2024-03-02T04:00:31Z,3.9994444444444444,5W-34,8.5,0.18,8.32,0.25,323.442,8.9964,1,5W-3,5W
20240302_0000_004,2024-03-02T07:00:34Z,2024-03-02T13:00:33Z,5.999722222222222,4W-51,17.38,0.19,17,0.39,661.4496,13.7088,2,4W-5,4W
20240302_0000_005,2024-03-02T07:00:34Z,2024-03-02T13:00:33Z,5.999722222222222,5S-36,9.26,0.17,9.05,0.25,352.14480000000003,8.9964,2,5S-3,5S
20240302_0000_006,2024-03-02T15:00:35Z,2024-03-02T18:00:34Z,2.999722222222222,4S-42,17.66,0.38,17.26,0.51,671.7312000000001,18.4212,2,4S-4,4S
20240302_0000_007,2024-03-02T15:00:35Z,2024-03-02T18:00:34Z,2.999722222222222,5W-31,17.46,0.32,17.08,0.47,664.4484,16.7076,2,5W-3,5W
20240302_0000_008,2024-03-02T15:00:36Z,2024-03-02T18:00:34Z,2.9994444444444444,4T-11,6.67,0.17,6.52,0.22,253.61280000000005,8.1396,1,4T-1,4T
20240302_0000_009,2024-03-02T21:00:37Z,2024-03-03T00:00:09Z,2.9922222222222223,4S-16,17.16,0.35,16.77,0.49,652.8816,17.5644,3,4S-1,4S
20240302_0000_010,2024-03-02T21:00:37Z,2024-03-03T00:00:09Z,2.9922222222222223,4T-32,4.4,0.07,4.31,0.11,167.50440000000003,3.8556000000000004,3,4T-3,4T
20240302_0000_011,2024-03-02T21:00:37Z,2024-03-03T00:00:09Z,2.9922222222222223,4W-32,22.49,0.16,21.99,0.48,855.5147999999999,16.2792,3,4W-3,4W
20240303_0000_000,2024-03-03T00:00:09Z,2024-03-03T00:00:36Z,0.0075,4S-16,17.39,0.09,17,0.36,661.4496,11.995200000000002,3,4S-1,4S
20240303_0000_001,2024-03-03T00:00:09Z,2024-03-03T00:00:36Z,0.0075,4T-32,4.44,0.05,4.34,0.1,168.7896,3.4272,3,4T-3,4T
20240303_0000_002,2024-03-03T00:00:09Z,2024-03-03T00:00:36Z,0.0075,4W-32,22.57,0.12,22.07,0.47,858.5136,15.850800000000003,3,4W-3,4W
20240303_0000_003,2024-03-03T02:00:38Z,2024-03-03T06:00:38Z,4,4W-33,17.06,0.37,16.68,0.5,649.0260000000001,17.9928,2,4W-3,4W
20240303_0000_004,2024-03-03T02:00:38Z,2024-03-03T06:00:38Z,4,5S-35,8.97,0.5,8.77,0.52,341.0064,20.1348,2,5S-3,5S
20240303_0000_005,2024-03-03T02:00:38Z,2024-03-03T06:00:37Z,3.999722222222222,5W-34,8.62,0.3,8.43,0.34,327.726,12.852,1,5W-3,5W
20240303_0000_006,2024-03-03T02:00:39Z,2024-03-03T06:00:38Z,3.999722222222222,4S-12,9.37,0.52,9.16,0.54,356.4288,20.563200000000002,1,4S-1,4S
20240303_0000_008,2024-03-03T07:00:41Z,2024-03-03T15:00:39Z,7.999444444444444,4T-32,10.03,11.1,9.81,10.85,381.7044,422.4024,1,4T-3,4T
20240303_0000_009,2024-03-03T07:00:41Z,2024-03-03T15:00:40Z,7.999722222222222,4W-51,16.5,0.48,16.13,0.58,627.6060000000001,21.42,3,4W-5,4W
20240303_0000_010,2024-03-03T07:00:41Z,2024-03-03T15:00:40Z,7.999722222222222,5S-34,12.05,0.44,11.78,0.5,458.388,18.849600000000002,3,5S-3,5S
20240303_0000_011,2024-03-03T07:00:41Z,2024-03-03T15:00:40Z,7.999722222222222,5W-32,9.13,0.26,8.93,0.31,347.4324,11.566800000000002,3,5W-3,5W
20240303_0000_012,2024-03-03T17:00:42Z,2024-03-04T00:00:09Z,6.990833333333334,4T-11,6.68,0.24,6.53,0.27,254.0412,10.281600000000001,3,4T-1,4T
20240303_0000_013,2024-03-03T17:00:42Z,2024-03-04T00:00:09Z,6.990833333333334,4W-33,17.17,0.37,16.78,0.5,653.3100000000001,17.9928,3,4W-3,4W
20240303_0000_014,2024-03-03T17:00:42Z,2024-03-04T00:00:09Z,6.990833333333334,5S-11,11.06,0.8,10.82,0.81,420.68880000000007,31.273200000000003,3,5S-1,5S
20240304_0000_000,2024-03-04T00:00:09Z,2024-03-04T00:00:41Z,0.008888888888888889,4W-33,16.87,0.1,16.49,0.35,641.7432000000001,11.995200000000002,1,4W-3,4W
20240304_0000_001,2024-03-04T00:00:09Z,2024-03-04T00:00:42Z,0.009166666666666667,4T-11,7.09,0.06,6.93,0.16,269.89200000000005,5.1408000000000005,2,4T-1,4T
20240304_0000_002,2024-03-04T00:00:09Z,2024-03-04T00:00:42Z,0.009166666666666667,5S-11,11.78,0.07,11.52,0.25,448.10640000000006,8.1396,2,5S-1,5S
20240304_0000_003,2024-03-04T03:00:45Z,2024-03-04T05:00:44Z,1.9997222222222222,5S-36,9.76,0.15,9.54,0.25,371.4228,8.568000000000001,2,5S-3,5S
20240304_0000_004,2024-03-04T03:00:45Z,2024-03-04T05:00:44Z,1.9997222222222222,5W-32,9.18,0.08,8.97,0.2,349.1460000000001,6.8544,2,5W-3,5W
20240304_0000_005,2024-03-04T03:00:46Z,2024-03-04T05:00:44Z,1.9994444444444444,4S-14,10.21,0.1,9.99,0.23,388.5588000000001,7.711200000000001,2,4S-1,4S
20240304_0000_006,2024-03-04T03:00:46Z,2024-03-04T05:00:44Z,1.9994444444444444,4T-32,11.36,8.71,11.11,8.52,432.2556,331.58160000000004,2,4T-3,4T
20240304_0000_008,2024-03-04T07:00:47Z,2024-03-04T14:00:46Z,6.999722222222222,5W-31,11.97,0.3,11.71,0.38,455.3892000000001,13.7088,3,5W-3,5W
20240304_0000_009,2024-03-04T07:00:47Z,2024-03-04T14:00:46Z,6.999722222222222,4S-12,10.02,0.28,9.79,0.34,381.27600000000007,12.4236,3,4S-1,4S
20240304_0000_010,2024-03-04T07:00:47Z,2024-03-04T14:00:46Z,6.999722222222222,4W-22,22.9,0.2,22.39,0.5,871.3656000000001,17.136000000000003,3,4W-2,4W
20240304_0000_011,2024-03-04T16:00:48Z,2024-03-04T19:00:48Z,3,5W-22,54.44,0.41,53.23,1.17,2071.314,39.412800000000004,1,5W-2,5W
20240304_0000_012,2024-03-04T16:00:49Z,2024-03-04T19:00:48Z,2.999722222222222,5S-34,19.82,0.24,19.37,0.46,753.9840000000002,16.2792,1,5S-3,5S
20240304_0000_013,2024-03-04T19:56:17Z,2024-03-04T19:57:15Z,0.01611111111111111,4S-16,14.61,0.18,14.29,0.34,556.0632,11.995200000000002,1,4S-1,4S
20240304_0000_014,2024-03-04T19:57:16Z,2024-03-04T19:58:02Z,0.012777777777777779,4S-16,24.35,0.18,23.81,0.52,926.6292,17.5644,1,4S-1,4S
20240304_0000_015,2024-03-04T19:58:07Z,2024-03-04T20:00:08Z,0.03361111111111111,4S-14,12.8,0.11,12.51,0.28,486.6624,9.424800000000001,1,4S-1,4S
20240304_0000_016,2024-03-04T20:00:09Z,2024-03-04T20:36:32Z,0.6063888888888889,4S-12,13.1,0.32,12.81,0.41,498.22920000000005,14.994000000000002,1,4S-1,4S
20240304_0000_017,2024-03-04T22:07:55Z,2024-03-04T22:09:14Z,0.021944444444444444,5S-32,80.13,0.39,78.35,1.65,3048.9228000000003,55.69200000000001,1,5S-3,5S
20240304_0000_018,2024-03-04T22:09:27Z,2024-03-04T22:10:03Z,0.01,5W-22,78.32,23.86,76.57,23.38,2979.5220000000004,909.0648000000001,1,5W-2,5W
20240304_0000_019,2024-03-04T22:10:17Z,2024-03-04T22:11:34Z,0.021388888888888888,4W-32,138.69,37.06,135.61,36.34,5277.0312,1413.2916000000002,1,4W-3,4W
20240304_0000_020,2024-03-04T22:11:47Z,2024-03-04T22:12:04Z,0.004722222222222222,4S-23,80.59,0.39,78.8,1.66,3066.4872,55.69200000000001,1,4S-2,4S
20240304_0000_021,2024-03-04T22:13:20Z,2024-03-04T22:14:27Z,0.01861111111111111,4T-12,244.57,42.01,239.13,41.37,9305.2764,1606.9284,1,4T-1,4T
20240305_0000_000,2024-03-05T00:00:09Z,2024-03-05T07:00:02Z,6.998055555555555,4S-42,15.38,0.37,15.03,0.47,585.1944,17.5644,4,4S-4,4S
20240305_0000_001,2024-03-05T00:00:09Z,2024-03-05T07:00:02Z,6.998055555555555,4T-11,4.73,0.17,4.63,0.19,179.92800000000003,7.282800000000002,4,4T-1,4T
20240305_0000_002,2024-03-05T00:00:09Z,2024-03-05T07:00:02Z,6.998055555555555,4W-33,22.67,0.23,22.17,0.51,862.7976000000001,17.5644,4,4W-3,4W
20240305_0000_003,2024-03-05T00:00:09Z,2024-03-05T07:00:02Z,6.998055555555555,5W-31,14.77,0.39,14.44,0.49,562.0608,17.9928,4,5W-3,5W
20240305_0000_004,2024-03-05T10:00:04Z,2024-03-05T15:00:03Z,4.999722222222222,4S-16,15.7,0.33,15.35,0.45,597.1896,16.2792,4,4S-1,4S
20240305_0000_005,2024-03-05T10:00:04Z,2024-03-05T15:00:03Z,4.999722222222222,4T-11,4.89,0.12,4.78,0.16,185.9256,5.5692,4,4T-1,4T
20240305_0000_006,2024-03-05T10:00:04Z,2024-03-05T15:00:03Z,4.999722222222222,4W-51,22.81,0.26,22.31,0.53,867.9384000000001,18.4212,4,4W-5,4W
20240305_0000_007,2024-03-05T10:00:04Z,2024-03-05T15:00:03Z,4.999722222222222,5W-28,15.13,0.3,14.79,0.42,575.7696,15.422400000000001,4,5W-2,5W
20240305_0000_008,2024-03-05T18:00:05Z,2024-03-05T22:00:05Z,4,4T-22,114.6,0.99,112.05,2.5,4360.2552000000005,85.2516,1,4T-2,4T
20240305_0000_009,2024-03-05T18:00:06Z,2024-03-05T22:00:04Z,3.9994444444444444,4W-22,49.75,0.4,48.64,1.07,1893.0996,36.414,1,4W-2,4W
20240306_0000_000,2024-03-06T00:00:06Z,2024-03-06T04:00:06Z,4,4W-51,22.61,0.25,22.11,0.52,860.2272,17.9928,1,4W-5,4W
20240306_0000_001,2024-03-06T00:00:06Z,2024-03-06T04:00:07Z,4.000277777777778,5S-34,20.2,0.41,19.75,0.57,768.5496000000002,20.563200000000002,1,5S-3,5S
20240306_0000_002,2024-03-06T07:00:09Z,2024-03-06T11:00:08Z,3.999722222222222,4S-42,15.61,0.26,15.26,0.4,593.7624,14.137200000000004,2,4S-4,4S
20240306_0000_003,2024-03-06T07:00:09Z,2024-03-06T11:00:08Z,3.999722222222222,5W-31,15.05,0.27,14.72,0.4,572.7708,14.565600000000003,2,5W-3,5W
20240306_0000_004,2024-03-06T07:00:10Z,2024-03-06T11:00:08Z,3.9994444444444444,4T-11,4.85,0.14,4.75,0.17,184.6404,6.426,1,4T-1,4T
20240306_0000_005,2024-03-06T13:00:11Z,2024-03-06T17:00:11Z,4,4S-41,22.15,0.88,21.66,0.97,842.6628000000001,36.8424,1,4S-4,4S
20240306_0000_006,2024-03-06T13:00:11Z,2024-03-06T17:00:10Z,3.999722222222222,4W-33,18.55,0.28,18.14,0.46,706.0032,16.2792,2,4W-3,4W
20240306_0000_007,2024-03-06T13:00:11Z,2024-03-06T17:00:10Z,3.999722222222222,5S-32,20.06,0.86,19.62,0.93,763.4088,35.5572,2,5S-3,5S
20240306_0000_008,2024-03-06T19:00:13Z,2024-03-06T22:00:13Z,3,4W-32,93.93,0.95,91.84,2.1,3573.7128000000002,72.3996,1,4W-3,4W
20240307_0000_000,2024-03-07T01:00:16Z,2024-03-07T07:00:15Z,5.999722222222222,4W-51,22.58,0.18,22.08,0.49,859.3704,16.7076,2,4W-5,4W
20240307_0000_001,2024-03-07T01:00:16Z,2024-03-07T07:00:15Z,5.999722222222222,5W-28,20.67,0.16,20.21,0.44,786.5424,14.994000000000002,2,5W-2,5W
20240307_0000_002,2024-03-07T09:00:17Z,2024-03-07T14:00:17Z,5,4S-16,18.22,0.25,17.82,0.44,693.1512,15.422400000000001,2,4S-1,4S
20240307_0000_003,2024-03-07T09:00:17Z,2024-03-07T14:00:17Z,5,4T-32,4.6,0.06,4.5,0.11,175.2156,3.8556000000000004,2,4T-3,4T
20240307_0000_004,2024-03-07T09:00:17Z,2024-03-07T14:00:16Z,4.999722222222222,5S-11,17.22,0.21,16.84,0.4,655.452,14.137200000000004,1,5S-1,5S
20240307_0000_005,2024-03-07T09:00:18Z,2024-03-07T14:00:17Z,4.999722222222222,5W-28,17.84,0.21,17.44,0.41,678.5856000000001,14.565600000000003,1,5W-2,5W
20240307_0000_006,2024-03-07T17:00:19Z,2024-03-07T22:00:18Z,4.999722222222222,4S-23,47.33,0.57,46.28,1.1,1800.9936000000002,38.12760000000001,3,4S-2,4S
20240307_0000_007,2024-03-07T17:00:19Z,2024-03-07T22:00:18Z,4.999722222222222,4W-32,49.88,0.44,48.77,1.09,1897.8120000000001,37.2708,3,4W-3,4W
20240307_0000_008,2024-03-07T17:00:19Z,2024-03-07T22:00:18Z,4.999722222222222,5S-32,50.62,0.59,49.5,1.17,1926.0864000000001,40.698,3,5S-3,5S
20240308_0000_000,2024-03-08T00:00:21Z,2024-03-08T07:00:20Z,6.999722222222222,5S-26,30.55,0.5,29.87,0.79,1162.2492,27.846000000000004,1,5S-2,5S
20240308_0000_001,2024-03-08T09:00:24Z,2024-03-08T16:00:22Z,6.999444444444444,4S-16,18.66,0.23,18.24,0.44,709.8588000000001,15.422400000000001,1,4S-1,4S
20240308_0000_002,2024-03-08T09:00:24Z,2024-03-08T16:00:23Z,6.999722222222222,5W-22,22.25,0.28,21.76,0.52,846.5184000000002,17.9928,1,5W-2,5W
20240308_0000_003,2024-03-08T19:00:25Z,2024-03-08T23:00:25Z,4,4S-41,47.47,0.74,46.42,1.19,1806.1344000000001,42.41160000000001,1,4S-4,4S
20240308_0000_004,2024-03-08T19:00:25Z,2024-03-08T23:00:24Z,3.999722222222222,5S-32,30.13,0.45,29.46,0.75,1146.3984000000003,26.560800000000004,1,5S-3,5S
20240308_0000_005,2024-03-08T19:00:26Z,2024-03-08T23:00:25Z,3.999722222222222,4T-31,60.23,0.78,58.89,1.43,2291.5116000000003,50.1228,2,4T-3,4T
20240308_0000_006,2024-03-08T19:00:26Z,2024-03-08T23:00:25Z,3.999722222222222,4W-51,26.51,0.27,25.92,0.59,1008.8820000000001,20.563200000000002,2,4W-5,4W
20240309_0000_000,2024-03-09T01:00:28Z,2024-03-09T07:00:27Z,5.999722222222222,4W-51,22.68,0.18,22.17,0.49,862.7976000000001,16.7076,2,4W-5,4W
20240309_0000_001,2024-03-09T01:00:28Z,2024-03-09T07:00:28Z,6,5S-36,13.01,0.4,12.72,0.47,494.802,17.5644,1,5S-3,5S
20240309_0000_002,2024-03-09T01:00:28Z,2024-03-09T07:00:27Z,5.999722222222222,5W-32,13.12,0.39,12.83,0.46,499.086,17.136000000000003,2,5W-3,5W
20240309_0000_003,2024-03-09T01:00:29Z,2024-03-09T07:00:28Z,5.999722222222222,4S-14,13.81,0.45,13.51,0.52,525.6468,19.278000000000002,1,4S-1,4S
20240309_0000_004,2024-03-09T09:00:29Z,2024-03-09T16:00:29Z,7,4T-11,7.23,0.26,7.07,0.29,275.0328,11.1384,1,4T-1,4T
20240309_0000_005,2024-03-09T09:00:30Z,2024-03-09T16:00:29Z,6.999722222222222,4S-42,15.65,0.54,15.3,0.61,595.4760000000001,23.133600000000005,3,4S-4,4S
20240309_0000_006,2024-03-09T09:00:30Z,2024-03-09T16:00:29Z,6.999722222222222,5S-11,15.13,0.54,14.8,0.61,575.7696,22.705200000000005,3,5S-1,5S
20240309_0000_007,2024-03-09T09:00:30Z,2024-03-09T16:00:29Z,6.999722222222222,5W-31,15.1,0.48,14.77,0.56,574.4844,20.991600000000002,3,5W-3,5W
20240309_0000_008,2024-03-09T18:00:32Z,2024-03-10T00:00:08Z,5.993333333333333,4S-16,11.82,0.17,11.55,0.29,449.39160000000004,10.281600000000001,3,4S-1,4S
20240309_0000_009,2024-03-09T18:00:32Z,2024-03-10T00:00:08Z,5.993333333333333,4T-11,2.36,0.04,2.31,0.06,89.96400000000001,2.1420000000000003,3,4T-1,4T
20240309_0000_010,2024-03-09T18:00:32Z,2024-03-10T00:00:08Z,5.993333333333333,4W-51,18.87,0.17,18.45,0.41,717.9984000000002,14.137200000000004,3,4W-5,4W
20240309_0000_011,2024-03-09T18:00:33Z,2024-03-10T00:00:08Z,5.993055555555555,5S-34,9.81,2.84,9.6,2.79,373.56480000000005,108.3852,2,5S-3,5S
20240309_0000_012,2024-03-09T18:00:33Z,2024-03-10T00:00:08Z,5.993055555555555,5W-28,11.07,0.13,10.82,0.26,421.1172,8.9964,2,5W-2,5W
20240310_0000_000,2024-03-10T00:00:08Z,2024-03-10T00:00:31Z,0.006388888888888889,4S-16,12.03,0.07,11.76,0.25,457.5312,8.568000000000001,5,4S-1,4S
20240310_0000_001,2024-03-10T00:00:08Z,2024-03-10T00:00:31Z,0.006388888888888889,4T-11,2.35,0.04,2.3,0.06,89.5356,2.1420000000000003,5,4T-1,4T
20240310_0000_002,2024-03-10T00:00:08Z,2024-03-10T00:00:31Z,0.006388888888888889,4W-51,18.73,0.11,18.32,0.39,712.8576,13.280400000000002,5,4W-5,4W
20240310_0000_003,2024-03-10T00:00:08Z,2024-03-10T00:00:31Z,0.006388888888888889,5S-34,10.93,0.06,10.69,0.23,415.97640000000007,7.711200000000001,5,5S-3,5S
20240310_0000_004,2024-03-10T00:00:08Z,2024-03-10T00:00:31Z,0.006388888888888889,5W-28,11.18,0.08,10.94,0.24,425.4012,8.1396,5,5W-2,5W
20240310_0000_005,2024-03-10T02:00:34Z,2024-03-10T03:00:34Z,1,5S-36,12.49,0.24,12.21,0.34,475.0956,12.4236,1,5S-3,5S
20240310_0000_006,2024-03-10T02:00:35Z,2024-03-10T03:00:34Z,0.9997222222222222,4W-33,22.79,0.26,22.29,0.52,867.0816,17.9928,1,4W-3,4W
20240310_0000_007,2024-03-10T04:00:37Z,2024-03-10T07:00:36Z,2.999722222222222,4T-11,4.67,0.06,4.57,0.11,177.78600000000003,3.8556000000000004,2,4T-1,4T
20240310_0000_008,2024-03-10T04:00:37Z,2024-03-10T07:00:36Z,2.999722222222222,5S-35,12.71,0.19,12.42,0.32,483.23519999999996,11.1384,2,5S-3,5S
20240310_0000_009,2024-03-10T09:00:39Z,2024-03-10T13:00:38Z,3.999722222222222,4S-23,22.55,0.34,22.05,0.56,858.0852000000001,19.706400000000002,2,4S-2,4S
20240310_0000_010,2024-03-10T09:00:39Z,2024-03-10T13:00:38Z,3.999722222222222,4T-32,4.82,0.14,4.71,0.17,183.35520000000002,6.426,2,4T-3,4T
20240310_0000_011,2024-03-10T15:00:40Z,2024-03-10T23:00:39Z,7.999722222222222,4T-11,4.41,0.17,4.31,0.19,167.93280000000001,7.282800000000002,3,4T-1,4T
20240310_0000_012,2024-03-10T15:00:40Z,2024-03-10T23:00:39Z,7.999722222222222,4W-33,22.46,0.19,21.96,0.49,854.658,16.7076,3,4W-3,4W
20240310_0000_013,2024-03-10T15:00:40Z,2024-03-10T23:00:39Z,7.999722222222222,5S-35,11.04,2.32,10.8,2.28,420.26040000000006,88.6788,3,5S-3,5S
20240311_0000_000,2024-03-11T02:00:42Z,2024-03-11T06:00:41Z,3.999722222222222,4W-51,22.71,0.21,22.2,0.5,864.0828000000001,17.136000000000003,1,4W-5,4W
20240311_0000_001,2024-03-11T02:00:42Z,2024-03-11T06:00:40Z,3.9994444444444444,4S-42,18.09,0.46,17.69,0.57,688.4388,20.991600000000002,1,4S-4,4S
20240311_0000_002,2024-03-11T08:00:44Z,2024-03-11T14:00:44Z,6,5S-36,9.41,0.12,9.2,0.22,358.1424,7.711200000000001,2,5S-3,5S
20240311_0000_003,2024-03-11T08:00:44Z,2024-03-11T14:00:43Z,5.999722222222222,5W-28,8.83,0.08,8.63,0.19,335.86560000000003,6.8544,3,5W-2,5W
20240311_0000_004,2024-03-11T08:00:44Z,2024-03-11T14:00:44Z,6,4T-32,2.46,0.04,2.4,0.06,93.39120000000001,2.1420000000000003,2,4T-3,4T
20240311_0000_005,2024-03-11T08:00:44Z,2024-03-11T14:00:43Z,5.999722222222222,4S-16,12.91,0.14,12.62,0.29,490.9464000000001,10.281600000000001,3,4S-1,4S
20240311_0000_006,2024-03-11T08:00:44Z,2024-03-11T14:00:43Z,5.999722222222222,4W-51,18.73,0.16,18.31,0.41,712.4291999999999,14.137200000000004,3,4W-5,4W
20240311_0000_007,2024-03-11T16:00:46Z,2024-03-11T20:00:45Z,3.999722222222222,4T-22,113.87,1.23,111.34,2.58,4332.4092,89.5356,3,4T-2,4T
20240311_0000_008,2024-03-11T16:00:46Z,2024-03-11T20:00:45Z,3.999722222222222,5S-11,22.77,0.44,22.26,0.63,866.2248,22.705200000000005,3,5S-1,5S
20240311_0000_009,2024-03-11T16:00:46Z,2024-03-11T20:00:45Z,3.999722222222222,5W-26,40.87,0.89,39.96,1.2,1555.092,43.2684,3,5W-2,5W
20240311_0000_010,2024-03-11T20:54:33Z,2024-03-11T20:55:18Z,0.0125,3W-12,0.13,0.01,0.12,0.01,4.712400000000001,0.4284,1,3W-1,3W
20240311_0000_011,2024-03-11T20:55:22Z,2024-03-11T20:55:59Z,0.010277777777777778,3W-32,0.13,0.01,0.13,0.01,4.712400000000001,0.4284,1,3W-3,3W
20240311_0000_012,2024-03-11T20:55:26Z,2024-03-11T20:56:16Z,0.013888888888888888,3W-21,0.13,0.01,0.13,0.01,4.712400000000001,0.4284,1,3W-2,3W
20240311_0000_013,2024-03-11T20:55:28Z,2024-03-11T20:56:15Z,0.013055555555555556,3W-22,0.13,0.01,0.13,0.01,4.712400000000001,0.4284,1,3W-2,3W
20240311_0000_014,2024-03-11T20:56:16Z,2024-03-11T20:57:02Z,0.012777777777777779,3W-11,17,9.7,16.72,9.54,656.7372,374.85,1,3W-1,3W
20240311_0000_015,2024-03-11T20:56:17Z,2024-03-11T20:57:04Z,0.013055555555555556,3W-31,15.22,13.02,14.96,12.8,588.1932,502.9416000000001,1,3W-3,3W
20240311_0000_016,2024-03-11T20:56:39Z,2024-03-11T20:56:55Z,0.0044444444444444444,3W-12,19.7,3.66,19.36,3.6,760.8384000000001,141.37199999999999,1,3W-1,3W
20240311_0000_017,2024-03-11T20:57:17Z,2024-03-11T20:57:59Z,0.011666666666666667,3S-14,27.47,0.2,27.01,0.21,1061.5752000000002,8.1396,1,3S-1,3S
20240311_0000_018,2024-03-11T20:57:19Z,2024-03-11T20:57:59Z,0.011111111111111112,3S-13,27.44,0.13,26.98,0.15,1060.2900000000002,5.5692,1,3S-1,3S
20240311_0000_019,2024-03-11T20:57:20Z,2024-03-11T20:58:00Z,0.011111111111111112,3S-11,27.43,0.14,26.96,0.15,1059.8616,5.997600000000001,1,3S-1,3S
20240311_0000_020,2024-03-11T20:58:00Z,2024-03-11T20:58:57Z,0.015833333333333335,3S-22,34.39,0.34,33.81,0.34,1328.8968,13.280400000000002,1,3S-2,3S
20240311_0000_021,2024-03-11T20:58:00Z,2024-03-11T20:58:56Z,0.015555555555555555,3S-23,34.4,0.32,33.82,0.32,1329.3252000000002,12.4236,1,3S-2,3S
20240311_0000_022,2024-03-11T20:58:01Z,2024-03-11T20:58:57Z,0.015555555555555555,3S-21,34.38,0.33,33.8,0.33,1328.4684000000002,12.852,1,3S-2,3S
20240311_0000_023,2024-03-11T20:58:54Z,2024-03-11T20:59:09Z,0.004166666666666667,3W-12,15.03,15.93,14.78,15.66,580.9104,615.6108,1,3W-1,3W
20240311_0000_024,2024-03-11T20:58:55Z,2024-03-11T20:59:12Z,0.004722222222222222,3W-31,15.99,13.45,15.72,13.22,617.7528,519.6492000000001,1,3W-3,3W
20240311_0000_025,2024-03-11T20:58:55Z,2024-03-11T20:59:10Z,0.004166666666666667,3W-11,16.31,13.98,16.03,13.75,630.1764000000001,540.2124,1,3W-1,3W
20240311_0000_026,2024-03-11T20:59:16Z,2024-03-11T21:00:43Z,0.024166666666666666,3T-12,73.79,0.06,72.55,0.18,2851.002,6.426,1,3T-1,3T
20240311_0000_027,2024-03-11T20:59:17Z,2024-03-11T21:00:45Z,0.024444444444444446,3T-21,73.79,0.06,72.55,0.18,2851.002,6.426,1,3T-2,3T
20240311_0000_028,2024-03-11T20:59:52Z,2024-03-11T21:01:47Z,0.03194444444444444,6S-13,6.35,0.43,6.24,0.43,245.0448,16.7076,1,6S-1,6S
20240311_0000_029,2024-03-11T20:59:53Z,2024-03-11T21:01:49Z,0.03222222222222222,6S-11,6.35,0.46,6.25,0.45,245.47320000000005,17.9928,1,6S-1,6S
20240311_0000_030,2024-03-11T20:59:53Z,2024-03-11T21:01:48Z,0.03194444444444444,6S-14,6.34,0.41,6.23,0.4,245.0448,15.850800000000003,1,6S-1,6S
20240311_0000_031,2024-03-11T20:59:54Z,2024-03-11T21:01:50Z,0.03222222222222222,6C-114,42.12,21.99,41.41,21.62,1627.4916000000003,849.5172,1,6C-1,6C
20240311_0000_032,2024-03-11T20:59:55Z,2024-03-11T21:01:51Z,0.03222222222222222,6C-116,42.52,22.62,41.8,22.24,1642.9140000000002,873.936,2,6C-1,6C
20240311_0000_033,2024-03-11T20:59:55Z,2024-03-11T21:01:51Z,0.03222222222222222,6C-120,42.52,22.62,41.8,22.24,1642.9140000000002,873.936,2,6C-1,6C
20240311_0000_034,2024-03-11T20:59:56Z,2024-03-11T21:01:53Z,0.0325,6D-116,6.63,3.25,6.52,3.19,256.18320000000006,125.52120000000001,1,6D-1,6D
20240311_0000_035,2024-03-11T20:59:57Z,2024-03-11T21:01:54Z,0.0325,6D-115,6.63,3.25,6.52,3.19,256.18320000000006,125.52120000000001,1,6D-1,6D
20240311_0000_036,2024-03-11T20:59:58Z,2024-03-11T21:01:54Z,0.03222222222222222,6D-11,6.62,3.26,6.51,3.21,255.75480000000005,125.94960000000002,1,6D-1,6D
20240311_0000_037,2024-03-11T21:00:22Z,2024-03-11T21:01:17Z,0.015277777777777777,3W-12,8.76,1.19,8.61,1.17,338.43600000000004,46.26720000000001,1,3W-1,3W
20240311_0000_038,2024-03-11T21:00:24Z,2024-03-11T21:01:17Z,0.014722222222222222,3W-11,8.8,1.21,8.65,1.19,339.7212,46.695600000000006,1,3W-1,3W
20240311_0000_039,2024-03-11T21:00:24Z,2024-03-11T21:01:18Z,0.015,3W-31,8.84,1.26,8.69,1.23,341.43480000000005,48.4092,1,3W-3,3W
20240311_0000_040,2024-03-11T21:00:26Z,2024-03-11T21:01:25Z,0.01638888888888889,3S-14,16.09,0.16,15.82,0.17,621.6084000000001,6.426,1,3S-1,3S
20240311_0000_041,2024-03-11T21:00:27Z,2024-03-11T21:01:25Z,0.01611111111111111,3S-13,16.09,0.16,15.82,0.16,621.6084000000001,6.426,2,3S-1,3S
20240311_0000_042,2024-03-11T21:00:27Z,2024-03-11T21:01:25Z,0.01611111111111111,3S-11,16.09,0.16,15.82,0.16,621.6084000000001,6.426,2,3S-1,3S
20240311_0000_043,2024-03-11T21:00:44Z,2024-03-11T21:01:37Z,0.014722222222222222,3T-22,62.69,3.1,61.63,3.06,2422.1736,119.95200000000001,1,3T-2,3T
20240311_0000_044,2024-03-11T21:00:46Z,2024-03-11T21:01:37Z,0.014166666666666666,3T-11,62.49,2.91,61.44,2.87,2414.4624000000003,112.66919999999999,1,3T-1,3T
20240311_0000_045,2024-03-11T21:01:18Z,2024-03-11T21:02:47Z,0.024722222222222222,3W-32,22.29,2.28,21.92,2.24,861.0840000000002,88.2504,1,3W-3,3W
20240311_0000_046,2024-03-11T21:01:18Z,2024-03-11T21:02:48Z,0.025,3W-22,22.27,2.29,21.89,2.26,860.2272,88.6788,1,3W-2,3W
20240311_0000_047,2024-03-11T21:01:19Z,2024-03-11T21:02:48Z,0.024722222222222222,3W-21,22.21,2.12,21.84,2.08,858.0852000000001,81.8244,1,3W-2,3W
20240311_0000_048,2024-03-11T21:01:26Z,2024-03-11T21:02:51Z,0.02361111111111111,3S-21,29.05,0.16,28.56,0.18,1122.408,6.8544,1,3S-2,3S
20240311_0000_049,2024-03-11T21:01:26Z,2024-03-11T21:02:50Z,0.023333333333333334,3S-22,29.05,0.16,28.56,0.17,1122.408,6.8544,1,3S-2,3S
20240311_0000_050,2024-03-11T21:01:26Z,2024-03-11T21:02:49Z,0.023055555555555555,3S-23,29.05,0.16,28.56,0.17,1122.408,6.8544,1,3S-2,3S
20240311_0000_051,2024-03-11T21:01:48Z,2024-03-11T21:02:52Z,0.017777777777777778,6S-13,5.84,0.03,5.74,0.03,225.33839999999998,1.2852000000000001,1,6S-1,6S
20240311_0000_052,2024-03-11T21:01:49Z,2024-03-11T21:02:53Z,0.017777777777777778,6S-12,5.84,0.02,5.74,0.03,225.33839999999998,1.2852000000000001,1,6S-1,6S
20240311_0000_053,2024-03-11T21:01:50Z,2024-03-11T21:02:53Z,0.0175,6S-11,5.84,0.03,5.74,0.03,225.33839999999998,1.2852000000000001,1,6S-1,6S
20240311_0000_054,2024-03-11T21:01:51Z,2024-03-11T21:02:59Z,0.01888888888888889,6C-115,74.08,1.99,72.83,1.96,2862.1404000000002,77.11200000000001,1,6C-1,6C
20240311_0000_055,2024-03-11T21:01:52Z,2024-03-11T21:03:00Z,0.01888888888888889,6C-118,74.28,2.95,73.03,2.9,2869.8516,113.9544,2,6C-1,6C
20240311_0000_056,2024-03-11T21:01:52Z,2024-03-11T21:03:00Z,0.01888888888888889,6C-119,74.28,2.95,73.03,2.9,2869.8516,113.9544,2,6C-1,6C
20240311_0000_057,2024-03-11T21:01:54Z,2024-03-11T21:03:03Z,0.019166666666666665,6D-118,7.36,0.02,7.23,0.03,284.02920000000006,1.2852000000000001,1,6D-1,6D
20240311_0000_058,2024-03-11T21:01:55Z,2024-03-11T21:03:03Z,0.01888888888888889,6D-112,7.36,0.02,7.23,0.03,284.02920000000006,1.2852000000000001,1,6D-1,6D
20240311_0000_059,2024-03-11T21:01:55Z,2024-03-11T21:03:04Z,0.019166666666666665,6D-111,7.36,0.02,7.23,0.03,284.02920000000006,1.2852000000000001,1,6D-1,6D
20240311_0000_060,2024-03-11T21:02:48Z,2024-03-11T21:03:09Z,0.005833333333333334,3W-12,24.81,7.98,24.39,7.84,958.3308000000001,308.0196,1,3W-1,3W
20240311_0000_061,2024-03-11T21:02:49Z,2024-03-11T21:03:08Z,0.005277777777777778,3W-31,24.73,7.78,24.31,7.64,955.3320000000002,300.3084,2,3W-3,3W
20240311_0000_062,2024-03-11T21:02:49Z,2024-03-11T21:03:08Z,0.005277777777777778,3W-11,24.73,7.78,24.31,7.64,955.3320000000002,300.3084,2,3W-1,3W
20240311_0000_066,2024-03-11T21:10:30Z,2024-03-11T21:11:25Z,0.015277777777777777,4T-12,243.74,2.64,238.32,5.53,9274.003200000001,191.06640000000002,1,4T-1,4T
20240311_0000_067,2024-03-11T21:12:25Z,2024-03-11T21:12:49Z,0.006666666666666667,4T-12,79.44,29.38,77.68,28.77,3022.7904000000003,1119.4092,1,4T-1,4T
20240311_0000_068,2024-03-11T21:13:10Z,2024-03-11T21:14:45Z,0.02638888888888889,4W-32,139.07,25.89,135.98,25.46,5291.1684000000005,989.1756000000001,1,4W-3,4W
20240311_0000_069,2024-03-11T21:15:05Z,2024-03-11T21:16:31Z,0.02388888888888889,5S-32,45.98,63.57,44.96,62.17,1749.5856000000003,2419.1748000000002,1,5S-3,5S
20240311_0000_070,2024-03-11T21:15:06Z,2024-03-11T21:16:24Z,0.021666666666666667,4S-23,52.93,6.41,51.75,6.36,2013.9084,246.33,1,4S-2,4S
20240311_0000_071,2024-03-11T21:15:07Z,2024-03-11T21:16:25Z,0.021666666666666667,5W-22,19.09,33.85,18.66,33.1,726.138,1288.1988000000001,1,5W-2,5W
20240311_0000_072,2024-03-11T21:16:32Z,2024-03-11T21:18:39Z,0.035277777777777776,5S-32,69.64,5.3,68.09,5.36,2649.6540000000005,206.91720000000004,1,5S-3,5S
20240311_0000_073,2024-03-11T21:16:58Z,2024-03-11T21:17:58Z,0.016666666666666666,5W-22,49.04,0.6,47.95,1.14,1865.6819999999998,39.84120000000001,1,5W-2,5W
20240311_0000_074,2024-03-11T21:17:03Z,2024-03-11T21:17:42Z,0.010833333333333334,4S-23,70.45,0.95,68.88,1.69,2680.4988000000003,59.1192,1,4S-2,4S
20240311_0000_076,2024-03-11T21:17:49Z,2024-03-11T21:18:58Z,0.019166666666666665,4S-23,69.38,1.27,67.84,1.86,2639.8008,66.8304,1,4S-2,4S
20240311_0000_077,2024-03-11T21:17:59Z,2024-03-11T21:19:25Z,0.02388888888888889,5W-26,51.14,11.78,50,11.57,1945.7928000000002,449.39160000000004,1,5W-2,5W
20240311_0000_078,2024-03-11T21:19:26Z,2024-03-11T21:21:46Z,0.03888888888888889,5W-22,51.76,0.39,50.61,1.11,1969.3548000000003,37.699200000000005,1,5W-2,5W
20240311_0000_079,2024-03-11T21:21:47Z,2024-03-11T21:22:50Z,0.0175,5W-26,44.67,23.48,43.68,22.98,1699.8912000000003,894.0708000000001,1,5W-2,5W
20240311_0000_080,2024-03-11T21:22:51Z,2024-03-11T21:24:03Z,0.02,5W-22,48.17,23.03,47.1,22.54,1833.1236000000001,876.5064000000001,1,5W-2,5W
20240311_0000_081,2024-03-11T21:24:04Z,2024-03-11T21:24:50Z,0.012777777777777779,5W-26,53.03,0.3,51.85,1.11,2017.7640000000001,37.2708,1,5W-2,5W
20240311_0000_082,2024-03-11T21:24:53Z,2024-03-11T21:25:09Z,0.0044444444444444444,5W-28,8.43,3.12,8.24,3.05,320.44320000000005,118.6668,1,5W-2,5W
20240311_0000_083,2024-03-11T21:25:16Z,2024-03-11T21:26:06Z,0.013888888888888888,5W-26,52.12,4.36,50.96,4.39,1983.0636,169.64640000000003,1,5W-2,5W
20240311_0000_084,2024-03-11T21:26:07Z,2024-03-11T21:28:27Z,0.03888888888888889,5W-22,52.62,0.35,51.45,1.11,2002.3416000000004,37.699200000000005,1,5W-2,5W
20240312_0000_000,2024-03-12T00:00:09Z,2024-03-12T05:00:08Z,4.999722222222222,5S-26,20.394,0.487,19.94,0.628,775.91808,23.005080000000003,2,5S-2,5S
20240312_0000_001,2024-03-12T00:00:09Z,2024-03-12T05:00:08Z,4.999722222222222,5W-28,12.948,0.237,12.66,0.348,492.66,12.46644,2,5W-2,5W
20240312_0000_002,2024-03-12T06:00:10Z,2024-03-12T13:12:09Z,7.199722222222222,4T-11,2.43,0.046,2.376,0.067,92.44872,2.3990400000000003,3,4T-1,4T
20240312_0000_003,2024-03-12T06:00:10Z,2024-03-12T13:12:09Z,7.199722222222222,5S-11,14.739,0.274,14.411,0.399,560.7756,14.308560000000003,3,5S-1,5S
20240312_0000_004,2024-03-12T06:00:10Z,2024-03-12T13:12:09Z,7.199722222222222,5W-31,11.432,0.165,11.177,0.281,434.95452000000006,9.896040000000001,3,5W-3,5W
20240312_0000_005,2024-03-12T15:12:11Z,2024-03-12T17:07:22Z,1.9197222222222223,4T-12,148.367,1.235,145.066,3.215,5645.026800000001,109.6704,2,4T-1,4T
20240312_0000_006,2024-03-12T15:12:11Z,2024-03-12T17:07:22Z,1.9197222222222223,5S-32,39.364,0.526,38.488,0.943,1497.6864000000003,33.02964000000001,2,5S-3,5S
20240312_0000_007,2024-03-12T19:07:24Z,2024-03-12T23:01:23Z,3.899722222222222,4S-23,40.309,0.795,39.412,1.122,1533.62916,40.4838,1,4S-2,4S
20240313_0000_000,2024-03-13T02:01:26Z,2024-03-13T06:11:25Z,4.166388888888889,4S-12,8.25,0.2,8.06,0.26,314.01720000000006,9.424800000000001,2,4S-1,4S
20240313_0000_001,2024-03-13T02:01:26Z,2024-03-13T06:11:25Z,4.166388888888889,5W-32,6.4,0.07,6.26,0.15,243.75960000000003,5.1408000000000005,2,5W-3,5W
20240313_0000_002,2024-03-13T08:11:27Z,2024-03-13T13:26:26Z,5.249722222222222,4W-51,19.48,0.15,19.05,0.42,741.1320000000001,14.137200000000004,2,4W-5,4W
20240313_0000_003,2024-03-13T08:11:27Z,2024-03-13T13:26:26Z,5.249722222222222,5S-36,8.18,0.32,7.99,0.36,311.0184,13.7088,2,5S-3,5S
20240313_0000_004,2024-03-13T16:26:29Z,2024-03-13T22:11:28Z,5.749722222222222,4S-41,41.25,1.13,40.33,1.38,1569.6576,51.408,2,4S-4,4S
20240313_0000_005,2024-03-13T16:26:29Z,2024-03-13T22:11:28Z,5.749722222222222,4T-22,117.46,1.88,114.85,2.99,4469.0688,106.24320000000002,2,4T-2,4T
20240314_0000_000,2024-03-14T00:11:29Z,2024-03-14T05:41:29Z,5.5,4T-32,2.44,0.07,2.39,0.09,92.9628,3.4272,1,4T-3,4T
20240314_0000_001,2024-03-14T00:11:30Z,2024-03-14T05:41:28Z,5.499444444444444,5W-31,19.13,0.38,18.71,0.53,727.8516,19.278000000000002,1,5W-3,5W
20240314_0000_002,2024-03-14T06:41:32Z,2024-03-14T13:53:31Z,7.199722222222222,5S-35,8.72,0.17,8.53,0.24,332.01,8.568000000000001,1,5S-3,5S
20240314_0000_003,2024-03-14T06:41:33Z,2024-03-14T13:53:32Z,7.199722222222222,4W-33,18.94,0.15,18.52,0.41,720.5688000000001,14.137200000000004,1,4W-3,4W
20240314_0000_004,2024-03-14T15:53:34Z,2024-03-14T19:35:33Z,3.6997222222222224,4T-31,63.36,0.57,61.95,1.39,2411.0352000000003,47.552400000000006,1,4T-3,4T
20240314_0000_005,2024-03-14T15:53:34Z,2024-03-14T19:35:34Z,3.7,4W-51,27.38,0.23,26.77,0.59,1041.4404,20.1348,2,4W-5,4W
20240314_0000_006,2024-03-14T15:53:34Z,2024-03-14T19:35:34Z,3.7,5W-22,41.01,0.43,40.09,0.93,1560.2328000000002,32.13,2,5W-2,5W
20240314_0000_007,2024-03-14T15:53:35Z,2024-03-14T19:35:33Z,3.6994444444444445,4S-16,17.13,0.25,16.75,0.42,651.5964000000001,14.994000000000002,1,4S-1,4S
20240314_0000_008,2024-03-14T21:35:36Z,2024-03-15T00:00:02Z,2.4072222222222224,4T-32,2.43,0.04,2.38,0.06,92.53440000000002,2.1420000000000003,2,4T-3,4T
20240314_0000_010,2024-03-14T21:35:36Z,2024-03-15T00:00:02Z,2.4072222222222224,5W-28,19.42,0.12,18.99,0.41,738.99,13.7088,2,5W-2,5W
20240314_0000_011,2024-03-14T21:35:37Z,2024-03-15T00:00:02Z,2.4069444444444446,4S-41,30.38,0.24,29.7,0.65,1155.8232,22.2768,2,4S-4,4S
20240314_0000_012,2024-03-14T21:35:37Z,2024-03-15T00:00:02Z,2.4069444444444446,4W-33,19.03,0.26,18.61,0.46,723.9960000000001,16.2792,2,4W-3,4W
20240315_0000_000,2024-03-15T00:00:02Z,2024-03-15T00:14:35Z,0.2425,4S-41,30.25,0.16,29.58,0.63,1151.1108,20.991600000000002,4,4S-4,4S
20240315_0000_001,2024-03-15T00:00:02Z,2024-03-15T00:14:35Z,0.2425,4T-32,2.43,0.04,2.38,0.06,92.53440000000002,2.1420000000000003,4,4T-3,4T
20240315_0000_002,2024-03-15T00:00:02Z,2024-03-15T00:14:35Z,0.2425,4W-33,19.17,0.12,18.74,0.4,729.1368,13.7088,4,4W-3,4W
20240315_0000_003,2024-03-15T00:00:02Z,2024-03-15T00:14:35Z,0.2425,5W-28,19.38,0.1,18.94,0.4,737.2764000000001,13.7088,4,5W-2,5W
20240315_0000_004,2024-03-15T02:14:38Z,2024-03-15T06:11:36Z,3.9494444444444445,4W-22,25.2,0.19,24.64,0.54,958.7592,18.4212,1,4W-2,4W
20240315_0000_005,2024-03-15T02:14:38Z,2024-03-15T06:11:37Z,3.9497222222222224,5W-26,17.49,0.13,17.1,0.37,665.3052,12.4236,1,5W-2,5W
20240315_0000_006,2024-03-15T08:11:39Z,2024-03-15T11:20:38Z,3.149722222222222,4S-14,8.96,0.18,8.76,0.25,341.0064,8.9964,2,4S-1,4S
20240315_0000_007,2024-03-15T08:11:39Z,2024-03-15T11:20:38Z,3.149722222222222,5W-34,11.31,0.09,11.06,0.24,430.5420000000001,8.1396,2,5W-3,5W
20240315_0000_008,2024-03-15T08:11:40Z,2024-03-15T11:20:39Z,3.149722222222222,4W-51,19.37,0.18,18.94,0.43,737.2764000000001,14.565600000000003,1,4W-5,4W
20240315_0000_009,2024-03-15T14:20:41Z,2024-03-15T15:15:40Z,0.9163888888888889,4S-23,42.94,0.42,41.98,0.96,1633.4892000000002,32.9868,1,4S-2,4S
20240315_0000_010,2024-03-15T14:20:42Z,2024-03-15T15:15:40Z,0.9161111111111111,5W-22,54.68,0.43,53.47,1.18,2080.7388,40.2696,1,5W-2,5W
20240315_0000_011,2024-03-15T17:15:43Z,2024-03-15T22:39:42Z,5.3997222222222225,4T-31,62.54,0.63,61.15,1.4,2379.3336,47.98080000000001,2,4T-3,4T
20240315_0000_012,2024-03-15T17:15:43Z,2024-03-15T22:39:42Z,5.3997222222222225,5W-26,53.65,0.6,52.45,1.23,2041.3260000000002,42.41160000000001,2,5W-2,5W
20240316_0000_000,2024-03-16T01:39:45Z,2024-03-16T04:59:44Z,3.3330555555555557,4T-11,2.37,0.04,2.32,0.06,90.3924,2.1420000000000003,2,4T-1,4T
20240316_0000_001,2024-03-16T01:39:45Z,2024-03-16T04:59:44Z,3.3330555555555557,4W-33,19.27,0.22,18.84,0.44,732.9924000000001,15.422400000000001,2,4W-3,4W
20240316_0000_002,2024-03-16T01:39:46Z,2024-03-16T04:59:45Z,3.3330555555555557,5S-35,8.59,0.15,8.39,0.23,326.4408,8.1396,2,5S-3,5S
20240316_0000_003,2024-03-16T01:39:46Z,2024-03-16T04:59:45Z,3.3330555555555557,5W-32,11.28,0.08,11.03,0.24,429.2568,8.1396,2,5W-3,5W
20240316_0000_004,2024-03-16T06:59:48Z,2024-03-16T08:35:46Z,1.5994444444444444,4S-41,30.36,0.32,29.68,0.69,1154.9664000000002,23.562000000000005,1,4S-4,4S
20240316_0000_005,2024-03-16T11:35:49Z,2024-03-16T15:41:47Z,4.099444444444444,4W-51,23.25,0.2,22.74,0.51,884.6460000000001,17.136000000000003,1,4W-5,4W
20240316_0000_006,2024-03-16T11:35:49Z,2024-03-16T15:41:48Z,4.099722222222222,5W-32,11.35,0.27,11.1,0.35,431.8272,12.852,1,5W-3,5W
20240316_0000_007,2024-03-16T18:41:50Z,2024-03-17T00:00:08Z,5.305,4T-32,4.37,0.05,4.27,0.1,166.21920000000003,3.4272,1,4T-3,4T
20240317_0000_000,2024-03-17T00:00:09Z,2024-03-17T00:41:48Z,0.6941666666666667,4T-32,4.38,0.05,4.28,0.1,166.6476,3.4272,1,4T-3,4T
20240317_0000_001,2024-03-17T02:41:51Z,2024-03-17T07:01:02Z,4.3197222222222225,4T-11,2.31,0.04,2.26,0.06,87.822,2.1420000000000003,2,4T-1,4T
20240317_0000_002,2024-03-17T02:41:51Z,2024-03-17T07:01:02Z,4.3197222222222225,4W-33,19.47,0.15,19.03,0.42,740.7036,14.137200000000004,2,4W-3,4W
20240317_0000_003,2024-03-17T09:01:05Z,2024-03-17T12:46:04Z,3.749722222222222,4S-14,8.7,0.17,8.51,0.24,331.1532,8.568000000000001,2,4S-1,4S
20240317_0000_004,2024-03-17T09:01:05Z,2024-03-17T12:46:04Z,3.749722222222222,5S-34,16.45,0.22,16.08,0.39,625.8924000000001,13.7088,2,5S-3,5S
20240317_0000_005,2024-03-17T14:46:07Z,2024-03-17T18:50:53Z,4.079444444444444,4W-51,19.61,0.15,19.17,0.42,745.8444000000001,14.137200000000004,1,4W-5,4W
20240317_0000_006,2024-03-17T20:50:56Z,2024-03-18T00:00:03Z,3.1519444444444447,4S-23,28.96,0.42,28.32,0.71,1101.8448,25.2756,1,4S-2,4S
20240318_0000_000,2024-03-18T00:00:03Z,2024-03-18T01:00:55Z,1.0144444444444445,4S-23,29.13,0.28,28.49,0.64,1108.2708000000002,22.2768,1,4S-2,4S
20240318_0000_001,2024-03-18T04:00:57Z,2024-03-18T07:00:56Z,2.999722222222222,4S-12,8.7,0.19,8.51,0.26,331.1532,9.424800000000001,1,4S-1,4S
20240318_0000_002,2024-03-18T04:00:58Z,2024-03-18T07:00:56Z,2.9994444444444444,4T-32,4.45,0.06,4.35,0.11,169.21800000000002,3.8556000000000004,1,4T-3,4T
20240318_0000_003,2024-03-18T09:00:59Z,2024-03-18T12:41:10Z,3.669722222222222,5S-11,16.77,0.41,16.4,0.52,637.8876,19.278000000000002,1,5S-1,5S
20240318_0000_004,2024-03-18T09:01:00Z,2024-03-18T12:41:10Z,3.6694444444444443,4S-42,15.17,0.39,14.84,0.49,577.4832000000001,17.9928,1,4S-4,4S
20240318_0000_005,2024-03-18T14:41:13Z,2024-03-18T20:01:00Z,5.329722222222222,4W-32,97.65,1.24,95.48,2.3,3715.513200000001,80.5392,1,4W-3,4W
20240319_0000_000,2024-03-19T00:00:06Z,2024-03-19T05:00:02Z,4.998888888888889,4S-14,8.41,0.53,8.22,0.55,320.0148,20.991600000000002,2,4S-1,4S
20240319_0000_001,2024-03-19T00:00:06Z,2024-03-19T05:00:02Z,4.998888888888889,4W-54,12.54,0.35,12.26,0.43,476.80920000000003,15.850800000000003,2,4W-5,4W
20240319_0000_002,2024-03-19T06:00:04Z,2024-03-19T08:06:02Z,2.0994444444444444,4W-51,19.61,0.19,19.17,0.43,746.2728000000002,14.994000000000002,1,4W-5,4W
20240319_0000_003,2024-03-19T09:06:04Z,2024-03-19T12:00:03Z,2.899722222222222,5S-36,8.26,0.13,8.08,0.21,314.4456,7.711200000000001,1,5S-3,5S
20240319_0000_004,2024-03-19T14:30:05Z,2024-03-19T16:18:04Z,1.7997222222222222,5S-26,47.95,0.93,46.88,1.32,1824.5556000000004,47.552400000000006,1,5S-2,5S
20240319_0000_005,2024-03-19T18:18:06Z,2024-03-20T00:00:02Z,5.698888888888889,4W-42,12.91,0.13,12.62,0.29,490.9464000000001,9.853200000000001,2,4W-4,4W
20240319_0000_006,2024-03-19T18:18:06Z,2024-03-20T00:00:02Z,5.698888888888889,5S-36,7.3,0.16,7.13,0.21,277.6032000000001,7.711200000000001,2,5S-3,5S
20240320_0000_000,2024-03-20T00:00:03Z,2024-03-20T00:30:05Z,0.5005555555555555,4W-42,12.81,0.09,12.52,0.27,487.51920000000007,9.424800000000001,2,4W-4,4W
20240320_0000_001,2024-03-20T00:00:03Z,2024-03-20T00:30:05Z,0.5005555555555555,5S-36,7.52,0.07,7.35,0.17,285.7428,5.5692,2,5S-3,5S
20240320_0000_002,2024-03-20T01:30:08Z,2024-03-20T03:30:07Z,1.9997222222222222,5S-36,7.93,0.2,7.76,0.25,302.022,9.424800000000001,1,5S-3,5S
20240320_0000_003,2024-03-20T05:30:09Z,2024-03-20T10:47:08Z,5.283055555555555,4S-14,8.69,0.17,8.5,0.24,330.7248,8.9964,2,4S-1,4S
20240320_0000_004,2024-03-20T05:30:09Z,2024-03-20T10:47:08Z,5.283055555555555,4T-32,2.42,0.04,2.36,0.06,91.67760000000001,2.1420000000000003,2,4T-3,4T
20240320_0000_005,2024-03-20T12:47:11Z,2024-03-20T16:07:10Z,3.3330555555555557,5S-32,52.36,1.77,51.19,2.03,1992.06,75.8268,1,5S-3,5S
20240320_0000_006,2024-03-20T18:07:13Z,2024-03-20T23:20:13Z,5.216666666666667,5W-32,10.56,0.14,10.32,0.25,401.4108,8.9964,1,5W-3,5W
20240321_0000_000,2024-03-21T02:20:15Z,2024-03-21T03:00:14Z,0.6663888888888889,4T-11,4.5,0.05,4.4,0.1,171.36,3.4272,1,4T-1,4T
20240321_0000_001,2024-03-21T05:30:16Z,2024-03-21T06:07:15Z,0.6163888888888889,5S-35,8.24,0.15,8.06,0.22,313.5888,7.711200000000001,1,5S-3,5S
20240321_0000_002,2024-03-21T08:07:18Z,2024-03-21T09:07:17Z,0.9997222222222222,4W-42,12.27,0.14,12,0.28,466.9560000000001,9.853200000000001,1,4W-4,4W
20240321_0000_003,2024-03-21T11:07:20Z,2024-03-21T12:42:19Z,1.5830555555555557,4T-32,4.66,0.04,4.56,0.1,177.3576,3.4272,1,4T-3,4T
20240321_0000_004,2024-03-21T14:42:22Z,2024-03-21T17:34:21Z,2.866388888888889,5S-26,37.53,0.92,36.7,1.17,1427.8572,42.84,1,5S-2,5S
20240321_0000_005,2024-03-21T18:25:26Z,2024-03-21T18:26:19Z,0.014722222222222222,4T-11,2.36,0.03,2.3,0.06,89.5356,2.1420000000000003,1,4T-1,4T
20240321_0000_006,2024-03-21T18:26:20Z,2024-03-21T18:26:53Z,0.009166666666666667,4T-11,4.34,1.5,4.24,1.47,164.934,57.40560000000001,1,4T-1,4T
20240321_0000_007,2024-03-21T18:26:54Z,2024-03-21T18:27:28Z,0.009444444444444445,4T-11,6.52,0.78,6.37,0.78,248.04360000000003,29.988000000000003,1,4T-1,4T
20240321_0000_008,2024-03-21T18:27:29Z,2024-03-21T18:28:45Z,0.021111111111111112,4T-11,7.29,0.19,7.13,0.23,277.6032000000001,8.568000000000001,1,4T-1,4T
20240321_0000_009,2024-03-21T18:28:46Z,2024-03-21T18:31:07Z,0.03916666666666667,4T-11,9.29,0.06,9.09,0.2,353.43000000000006,6.426,1,4T-1,4T
20240321_0000_010,2024-03-21T18:31:08Z,2024-03-21T18:33:10Z,0.03388888888888889,4T-11,11.37,0.07,11.12,0.24,432.684,8.1396,1,4T-1,4T
20240321_0000_011,2024-03-21T18:33:11Z,2024-03-21T18:33:33Z,0.006111111111111111,4T-11,13.49,0.87,13.19,0.89,513.2232000000001,34.272000000000006,1,4T-1,4T
20240321_0000_012,2024-03-21T18:35:00Z,2024-03-21T18:35:10Z,0.002777777777777778,4T-22,214.89,28.45,210.11,28.15,8176.014,1091.9916,1,4T-2,4T
20240321_0000_013,2024-03-21T18:35:20Z,2024-03-21T18:36:26Z,0.018333333333333333,4T-31,60.01,1.99,58.68,2.29,2283.372,85.68,1,4T-3,4T
20240321_0000_014,2024-03-21T18:36:27Z,2024-03-21T18:38:11Z,0.028888888888888888,4T-31,72.9,44.72,71.27,43.75,2773.4616,1702.0332,1,4T-3,4T
20240321_0000_015,2024-03-21T18:38:12Z,2024-03-21T18:39:00Z,0.013333333333333334,4T-31,114.55,0.57,112,2.37,4358.5416000000005,79.68240000000002,1,4T-3,4T
20240321_0000_016,2024-03-21T18:39:01Z,2024-03-21T18:41:22Z,0.03916666666666667,4T-31,80.19,0.44,78.41,1.67,3051.0648,56.12040000000001,1,4T-3,4T
20240321_0000_017,2024-03-21T18:41:23Z,2024-03-21T18:42:39Z,0.021111111111111112,4T-31,126.69,0.67,123.88,2.63,4820.3568000000005,88.2504,1,4T-3,4T
20240321_0000_018,2024-03-21T18:42:40Z,2024-03-21T18:43:25Z,0.0125,4T-31,135.1,0.7,132.1,2.8,5140.3715999999995,93.81960000000001,1,4T-3,4T
20240321_0000_019,2024-03-21T18:43:26Z,2024-03-21T18:44:20Z,0.015,4T-31,179.31,0.96,175.32,3.72,6822.27,125.09280000000001,1,4T-3,4T
20240321_0000_020,2024-03-21T18:44:56Z,2024-03-21T18:46:01Z,0.018055555555555554,4T-22,83.67,0.49,81.81,1.75,3183.4404000000004,58.6908,1,4T-2,4T
20240321_0000_021,2024-03-21T18:46:02Z,2024-03-21T18:46:28Z,0.007222222222222222,4T-22,109.58,18.78,107.14,18.49,4169.1888,718.4268000000001,1,4T-2,4T
20240321_0000_022,2024-03-21T18:46:29Z,2024-03-21T18:47:23Z,0.015,4T-22,179.77,0.94,175.77,3.72,6839.834400000001,125.09280000000001,1,4T-2,4T
20240321_0000_023,2024-03-21T18:47:24Z,2024-03-21T18:48:48Z,0.023333333333333334,4T-22,143.57,0.75,140.37,2.98,5462.528400000001,100.2456,1,4T-2,4T
20240321_0000_024,2024-03-21T18:48:49Z,2024-03-21T18:49:20Z,0.008611111111111111,4T-22,190.88,16,186.63,16.11,7262.6651999999995,622.0368,1,4T-2,4T
20240321_0000_025,2024-03-21T18:49:21Z,2024-03-21T18:50:05Z,0.012222222222222223,4T-22,208.3,1.09,203.66,4.32,7925.4000000000005,145.2276,1,4T-2,4T
20240321_0000_026,2024-03-21T18:50:06Z,2024-03-21T18:50:55Z,0.01361111111111111,4T-22,228.42,1.22,223.34,4.74,8690.9508,159.36480000000003,1,4T-2,4T
20240321_0000_028,2024-03-21T19:34:24Z,2024-03-21T20:20:23Z,0.7663888888888889,5S-35,7.23,0.19,7.07,0.24,275.0328,8.568000000000001,2,5S-3,5S
20240321_0000_029,2024-03-21T19:34:24Z,2024-03-21T20:20:23Z,0.7663888888888889,4W-22,93.53,1.2,91.45,2.22,3558.7188,77.5404,2,4W-2,4W
20240321_0000_030,2024-03-21T20:41:53Z,2024-03-21T21:21:11Z,0.655,4S-16,15.39,0.27,15.05,0.4,585.6228000000001,14.565600000000003,1,4S-1,4S
20240321_0000_031,2024-03-21T21:21:12Z,2024-03-21T21:28:41Z,0.12472222222222222,4S-16,7.26,0.14,7.1,0.2,276.31800000000004,7.282800000000002,1,4S-1,4S
20240321_0000_032,2024-03-21T21:28:42Z,2024-03-21T21:38:25Z,0.16194444444444445,4S-16,2.06,0.09,2.02,0.1,78.3972,3.4272,1,4S-1,4S
20240321_0000_033,2024-03-21T21:39:08Z,2024-03-21T21:56:17Z,0.28583333333333333,4S-16,15.73,0.11,15.38,0.33,598.4748000000001,11.1384,1,4S-1,4S
20240321_0000_034,2024-03-21T21:57:58Z,2024-03-21T22:09:15Z,0.18805555555555556,4S-14,8.1,0.1,7.92,0.19,308.0196,6.426,1,4S-1,4S
20240321_0000_035,2024-03-21T22:09:16Z,2024-03-21T22:51:07Z,0.6975,4S-12,8.2,0.08,8.02,0.18,311.87520000000006,6.426,1,4S-1,4S
20240321_0000_036,2024-03-21T23:20:26Z,2024-03-22T00:00:01Z,0.6597222222222222,4T-32,2.36,0.04,2.31,0.06,89.96400000000001,2.1420000000000003,2,4T-3,4T
20240321_0000_037,2024-03-21T23:20:26Z,2024-03-22T00:00:01Z,0.6597222222222222,5W-32,10.92,0.21,10.68,0.3,415.548,10.71,2,5W-3,5W
20240322_0000_000,2024-03-22T00:00:02Z,2024-03-22T03:00:25Z,3.006388888888889,4T-32,2.39,0.06,2.33,0.07,90.82080000000002,2.5704000000000002,1,4T-3,4T
20240322_0000_001,2024-03-22T00:00:02Z,2024-03-22T03:00:24Z,3.006111111111111,5W-32,11.03,0.23,10.78,0.32,419.83200000000005,11.566800000000002,1,5W-3,5W
20240322_0000_002,2024-03-22T06:00:28Z,2024-03-22T07:45:27Z,1.7497222222222222,4T-11,4.65,0.04,4.55,0.1,176.9292,3.4272,1,4T-1,4T
20240322_0000_003,2024-03-22T10:45:29Z,2024-03-22T12:55:29Z,2.1666666666666665,5S-36,8.49,0.15,8.3,0.23,323.0136,8.1396,1,5S-3,5S
20240322_0000_004,2024-03-22T10:45:30Z,2024-03-22T12:55:28Z,2.1661111111111113,4T-11,4.65,0.05,4.55,0.1,176.9292,3.4272,1,4T-1,4T
20240322_0000_005,2024-03-22T14:55:32Z,2024-03-22T17:07:31Z,2.1997222222222224,5S-32,51.09,0.92,49.95,1.36,1943.6508000000001,48.8376,1,5S-3,5S
20240322_0000_006,2024-03-22T19:07:33Z,2024-03-22T19:35:32Z,0.4663888888888889,4W-22,94.19,1.55,92.1,2.43,3583.5660000000007,86.1084,1,4W-2,4W
20240322_0000_007,2024-03-22T21:35:35Z,2024-03-22T22:28:34Z,0.8830555555555556,4S-14,7.77,0.1,7.6,0.18,295.59600000000006,6.426,1,4S-1,4S
20240323_0000_000,2024-03-23T01:28:37Z,2024-03-23T03:30:36Z,2.0330555555555554,5S-34,16.06,0.25,15.7,0.4,610.8984,14.137200000000004,1,5S-3,5S
20240323_0000_001,2024-03-23T06:00:38Z,2024-03-23T09:03:37Z,3.049722222222222,4T-32,2.43,0.05,2.38,0.07,92.53440000000002,2.5704000000000002,2,4T-3,4T
20240323_0000_002,2024-03-23T06:00:38Z,2024-03-23T09:03:37Z,3.049722222222222,5W-28,16.94,0.22,16.56,0.4,644.3136,14.137200000000004,2,5W-2,5W
20240323_0000_003,2024-03-23T13:03:39Z,2024-03-23T15:25:39Z,2.3666666666666667,4W-33,10.03,0.23,9.81,0.3,381.7044,11.1384,1,4W-3,4W
20240323_0000_004,2024-03-23T18:25:41Z,2024-03-23T20:40:40Z,2.249722222222222,5S-11,13.56,0.22,13.26,0.35,515.7936,12.4236,1,5S-1,5S
20240323_0000_005,2024-03-23T23:40:43Z,2024-03-24T00:00:05Z,0.3227777777777778,5W-28,18.31,0.11,17.9,0.38,696.5784000000001,12.852,1,5W-2,5W
20240324_0000_000,2024-03-24T00:00:05Z,2024-03-24T03:30:43Z,3.5105555555555554,5W-28,18.62,0.43,18.2,0.56,708.5736,20.563200000000002,1,5W-2,5W
20240324_0000_001,2024-03-24T06:00:45Z,2024-03-24T10:20:44Z,4.333055555555555,4W-51,14.58,0.14,14.25,0.32,554.778,11.1384,1,4W-5,4W
20240324_0000_002,2024-03-24T12:50:47Z,2024-03-24T15:45:47Z,2.9166666666666665,4S-42,8.95,0.22,8.75,0.28,340.57800000000003,10.281600000000001,1,4S-4,4S
20240324_0000_003,2024-03-24T18:45:48Z,2024-03-24T22:23:48Z,3.6333333333333333,4W-33,23.07,0.27,22.56,0.53,877.7916,18.4212,1,4W-3,4W
20240325_0000_000,2024-03-25T00:23:49Z,2024-03-25T04:00:48Z,3.616388888888889,5W-31,12.93,0.09,12.65,0.27,492.23160000000007,9.424800000000001,1,5W-3,5W
20240325_0000_001,2024-03-25T00:23:50Z,2024-03-25T04:00:48Z,3.616111111111111,4T-11,4.85,0.05,4.74,0.11,184.212,3.8556000000000004,1,4T-1,4T
20240325_0000_002,2024-03-25T06:00:50Z,2024-03-25T09:03:50Z,3.05,5W-22,18,0.17,17.6,0.4,685.0116,13.7088,1,5W-2,5W
20240325_0000_003,2024-03-25T06:00:51Z,2024-03-25T09:03:49Z,3.0494444444444446,4S-12,9.38,0.12,9.17,0.22,356.85720000000003,7.711200000000001,1,4S-1,4S
20240325_0000_004,2024-03-25T12:03:52Z,2024-03-25T14:55:51Z,2.866388888888889,4S-23,15.78,0.13,15.43,0.34,600.1884,11.566800000000002,1,4S-2,4S
20240326_0000_000,2024-03-26T00:00:07Z,2024-03-26T04:00:02Z,3.998611111111111,4S-22,17.1,0.27,16.72,0.43,650.3112,15.422400000000001,3,4S-2,4S
20240326_0000_001,2024-03-26T00:00:07Z,2024-03-26T04:00:02Z,3.998611111111111,5S-28,16.95,0.3,16.58,0.45,645.1704000000001,16.2792,3,5S-2,5S
20240326_0000_002,2024-03-26T00:00:07Z,2024-03-26T04:00:02Z,3.998611111111111,5W-17,17.15,0.17,16.77,0.38,652.4532,13.280400000000002,3,5W-1,5W
20240326_0000_003,2024-03-26T06:00:04Z,2024-03-26T07:25:02Z,1.416111111111111,4T-11,4.66,0.16,4.56,0.18,177.3576,6.8544,2,4T-1,4T
20240326_0000_004,2024-03-26T06:00:04Z,2024-03-26T07:25:02Z,1.416111111111111,5S-12,41.06,1.15,40.15,1.4,1562.3748,51.836400000000005,2,5S-1,5S
20240326_0000_005,2024-03-26T07:55:05Z,2024-03-26T10:50:04Z,2.9163888888888887,4T-32,4.76,0.06,4.66,0.11,181.21320000000003,3.8556000000000004,2,4T-3,4T
20240326_0000_006,2024-03-26T07:55:05Z,2024-03-26T10:50:04Z,2.9163888888888887,4W-12,27.65,0.21,27.03,0.59,1051.7220000000002,20.1348,2,4W-1,4W
20240326_0000_007,2024-03-26T11:50:06Z,2024-03-26T14:45:05Z,2.9163888888888887,4T-11,2.46,0.05,2.4,0.07,93.39120000000001,2.5704000000000002,2,4T-1,4T
20240326_0000_008,2024-03-26T11:50:06Z,2024-03-26T14:45:06Z,2.9166666666666665,4W-31,11.96,0.19,11.7,0.3,454.96079999999995,10.71,2,4W-3,4W
20240326_0000_009,2024-03-26T11:50:06Z,2024-03-26T14:45:06Z,2.9166666666666665,5S-27,21.57,0.36,21.09,0.56,820.8144000000001,19.706400000000002,2,5S-2,5S
20240326_0000_010,2024-03-26T11:50:06Z,2024-03-26T14:45:05Z,2.9163888888888887,5W-13,11.57,0.14,11.31,0.27,440.3952,9.424800000000001,2,5W-1,5W
20240326_0000_011,2024-03-26T15:45:07Z,2024-03-26T22:00:06Z,6.249722222222222,4S-21,41.72,0.96,40.79,1.26,1587.222,45.838800000000006,1,4S-2,4S
20240326_0000_012,2024-03-26T15:45:07Z,2024-03-26T22:00:07Z,6.25,4T-31,70.68,2.02,69.1,2.43,2689.0668,90.3924,2,4T-3,4T
20240326_0000_013,2024-03-26T15:45:07Z,2024-03-26T22:00:07Z,6.25,5S-12,49.49,1.65,48.39,1.9,1882.8180000000002,71.1144,2,5S-1,5S
20240326_0000_014,2024-03-26T15:45:08Z,2024-03-26T22:00:06Z,6.249444444444444,5W-21,24.36,0.6,23.82,0.76,927.0576000000001,27.846000000000004,1,5W-2,5W
20240327_0000_000,2024-03-27T00:00:06Z,2024-03-27T04:00:08Z,4.000555555555556,4S-43,14.85,0.42,14.52,0.51,565.0596,18.849600000000002,1,4S-4,4S
20240327_0000_001,2024-03-27T00:00:06Z,2024-03-27T04:00:09Z,4.0008333333333335,5W-18,24.5,0.49,23.96,0.69,932.1984000000002,24.8472,1,5W-1,5W
20240327_0000_002,2024-03-27T06:00:12Z,2024-03-27T11:40:12Z,5.666666666666667,4T-32,6.79,0.1,6.64,0.17,258.3252,5.997600000000001,1,4T-3,4T
20240327_0000_003,2024-03-27T06:00:13Z,2024-03-27T11:40:11Z,5.666111111111111,5W-17,17.05,0.17,16.67,0.38,648.59760000000006,13.280400000000002,1,5W-1,5W
20240327_0000_004,2024-03-27T14:40:16Z,2024-03-27T19:10:15Z,4.499722222222222,5S-14,15.77,0.63,15.42,0.7,600.1884,26.560800000000004,1,5S-1,5S
20240327_0000_005,2024-03-27T14:40:17Z,2024-03-27T19:10:15Z,4.499444444444444,4W-12,14.77,0.39,14.44,0.48,562.0608,17.5644,1,4W-1,4W
20240327_0000_006,2024-03-27T14:40:17Z,2024-03-27T19:10:16Z,4.499722222222222,5W-11,18.5,0.39,18.09,0.54,703.8612,19.278000000000002,1,5W-1,5W
20240327_0000_007,2024-03-27T21:10:18Z,2024-03-27T23:10:18Z,2,5S-12,48.08,1.21,47.01,1.53,1829.2680000000003,56.12040000000001,1,5S-1,5S
20240327_0000_008,2024-03-27T21:10:19Z,2024-03-27T23:10:18Z,1.9997222222222222,4S-21,41.09,0.64,40.18,1.04,1563.2316,36.8424,1,4S-2,4S
20240328_0000_000,2024-03-28T01:10:20Z,2024-03-28T04:30:20Z,3.3333333333333335,4T-11,13.93,0.24,13.62,0.36,529.9308,12.852,1,4T-1,4T
20240328_0000_001,2024-03-28T06:00:23Z,2024-03-28T07:20:21Z,1.3327777777777778,4W-27,25.34,0.26,24.78,0.57,964.3284000000001,19.706400000000002,1,4W-2,4W
20240328_0000_002,2024-03-28T07:50:24Z,2024-03-28T09:05:24Z,1.25,4S-43,15.1,0.28,14.76,0.41,574.4844,14.565600000000003,1,4S-4,4S
20240328_0000_003,2024-03-28T07:50:25Z,2024-03-28T09:05:24Z,1.2497222222222222,5W-18,24.81,0.31,24.25,0.59,943.7652,20.563200000000002,1,5W-1,5W
20240328_0000_004,2024-03-28T09:35:27Z,2024-03-28T13:12:26Z,3.616388888888889,4T-32,6.7,0.1,6.55,0.17,254.89800000000002,5.997600000000001,1,4T-3,4T
20240328_0000_005,2024-03-28T09:35:28Z,2024-03-28T13:12:26Z,3.616111111111111,5S-27,33.1,0.56,32.36,0.86,1259.0676,30.844800000000003,1,5S-2,5S
20240328_0000_007,2024-03-28T15:12:29Z,2024-03-28T18:05:27Z,2.8827777777777777,4S-21,40.73,0.87,39.82,1.18,1549.5228000000002,42.84,1,4S-2,4S
20240328_0000_008,2024-03-28T19:35:32Z,2024-03-28T22:30:32Z,2.9166666666666665,4W-11,95.02,0.79,92.91,2.06,3615.2676000000006,70.2576,1,4W-1,4W
20240329_0000_000,2024-03-29T00:30:34Z,2024-03-29T03:00:33Z,2.499722222222222,4T-11,6.54,0.16,6.4,0.2,248.90040000000002,7.282800000000002,2,4T-1,4T
20240329_0000_001,2024-03-29T00:30:34Z,2024-03-29T03:00:33Z,2.499722222222222,4W-12,27.04,0.45,26.44,0.7,1028.5884,24.8472,2,4W-1,4W
20240329_0000_002,2024-03-29T06:00:36Z,2024-03-29T14:00:36Z,8,4T-11,2.39,0.04,2.34,0.06,90.82080000000002,2.1420000000000003,2,4T-1,4T
20240329_0000_003,2024-03-29T06:00:36Z,2024-03-29T14:00:36Z,8,4W-12,27.26,0.21,26.66,0.59,1037.1564,20.1348,2,4W-1,4W
20240329_0000_004,2024-03-29T06:00:36Z,2024-03-29T14:00:35Z,7.999722222222222,5W-16,11.06,0.08,10.82,0.24,420.68880000000007,8.1396,1,5W-1,5W
20240329_0000_005,2024-03-29T06:00:37Z,2024-03-29T14:00:35Z,7.999444444444444,5S-25,8.2,0.14,8.02,0.21,312.3036,7.711200000000001,1,5S-2,5S
20240329_0000_006,2024-03-29T18:00:38Z,2024-03-29T21:05:37Z,3.0830555555555557,4W-27,51.09,0.74,49.96,1.25,1944.0792000000004,44.1252,1,4W-2,4W
20240329_0000_007,2024-03-29T18:00:39Z,2024-03-29T21:05:37Z,3.082777777777778,4T-12,187.93,3,183.74,4.78,7149.996000000001,169.64640000000003,1,4T-1,4T
20240330_0000_000,2024-03-30T00:05:42Z,2024-03-30T04:30:40Z,4.416111111111111,4T-32,13.89,0.14,13.58,0.31,528.2172,10.71,1,4T-3,4T
20240330_0000_001,2024-03-30T06:00:44Z,2024-03-30T10:35:42Z,4.582777777777777,4T-11,2.38,0.04,2.33,0.06,90.82080000000002,2.1420000000000003,1,4T-1,4T
20240330_0000_002,2024-03-30T06:00:44Z,2024-03-30T10:35:43Z,4.583055555555555,5S-28,16.13,0.13,15.77,0.35,613.8972,11.995200000000002,1,5S-2,5S
20240330_0000_003,2024-03-30T11:35:47Z,2024-03-30T16:30:45Z,4.916111111111111,5W-21,40.01,0.43,39.12,0.91,1522.1052000000002,31.273200000000003,1,5W-2,5W
20240330_0000_004,2024-03-30T18:30:48Z,2024-03-30T21:30:47Z,2.999722222222222,4S-44,8.03,0.22,7.85,0.27,305.4492,9.853200000000001,3,4S-4,4S
20240330_0000_005,2024-03-30T18:30:48Z,2024-03-30T21:30:47Z,2.999722222222222,4T-32,2.34,0.04,2.29,0.06,89.1072,2.1420000000000003,3,4T-3,4T
20240330_0000_006,2024-03-30T18:30:48Z,2024-03-30T21:30:47Z,2.999722222222222,5S-12,19.51,0.46,19.08,0.6,742.4172,21.8484,3,5S-1,5S
20240331_0000_000,2024-03-31T00:30:49Z,2024-03-31T06:00:48Z,5.499722222222222,4T-11,13.72,0.32,13.42,0.41,522.2196,14.994000000000002,1,4T-1,4T
20240331_0000_001,2024-03-31T10:00:51Z,2024-03-31T13:55:51Z,3.9166666666666665,4T-32,2.4,0.04,2.35,0.06,91.2492,2.1420000000000003,1,4T-3,4T
20240331_0000_002,2024-03-31T10:00:51Z,2024-03-31T13:55:50Z,3.9163888888888887,4W-11,25.12,0.19,24.56,0.54,955.7604000000001,18.4212,1,4W-1,4W
20240331_0000_003,2024-03-31T14:55:53Z,2024-03-31T16:15:53Z,1.3333333333333333,5S-27,20.29,0.25,19.84,0.48,771.9768,16.7076,1,5S-2,5S
20240331_0000_004,2024-03-31T14:55:53Z,2024-03-31T16:15:52Z,1.3330555555555557,5W-18,24.16,0.19,23.63,0.52,919.3464000000001,17.5644,1,5W-1,5W
20240331_0000_005,2024-03-31T18:15:57Z,2024-04-01T00:00:04Z,5.735277777777778,4W-27,24.85,0.19,24.3,0.53,945.4788,17.9928,1,4W-2,4W
20240401_0000_000,2024-04-01T00:00:04Z,2024-04-01T00:00:55Z,0.014166666666666666,4W-27,24.929,0.13,24.375,0.516,948.52044,17.350200000000005,1,4W-2,4W
20240401_0000_001,2024-04-01T02:01:00Z,2024-04-01T04:30:59Z,2.499722222222222,4S-43,14.679,0.121,14.353,0.318,558.50508,10.83852,2,4S-4,4S
20240401_0000_002,2024-04-01T02:01:00Z,2024-04-01T04:30:59Z,2.499722222222222,5S-12,20.174,0.198,19.725,0.449,767.56428,15.422400000000001,2,5S-1,5S
20240401_0000_003,2024-04-01T06:01:03Z,2024-04-01T13:11:03Z,7.166666666666667,5S-27,20.193,0.219,19.744,0.458,768.2925600000001,15.850800000000003,1,5S-2,5S
20240401_0000_004,2024-04-01T15:11:06Z,2024-04-01T19:31:05Z,4.333055555555555,4T-22,185.466,1.692,181.34,4.076,7056.56196,139.61556,1,4T-2,4T
20240402_0000_000,2024-04-02T00:00:00Z,2024-04-02T05:30:05Z,5.501388888888889,4S-31,8.6,0.19,8.4,0.25,326.86920000000003,8.9964,1,4S-3,4S
20240402_0000_001,2024-04-02T00:00:06Z,2024-04-02T05:30:05Z,5.499722222222222,4T-32,2.38,0.05,2.33,0.07,90.3924,2.1420000000000003,3,4T-3,4T
20240402_0000_002,2024-04-02T00:00:06Z,2024-04-02T05:30:05Z,5.499722222222222,5S-25,8.15,0.2,7.97,0.26,310.1616,9.424800000000001,3,5S-2,5S
20240402_0000_003,2024-04-02T00:00:06Z,2024-04-02T05:30:05Z,5.499722222222222,5W-13,11.05,0.13,10.8,0.26,420.26040000000006,8.9964,3,5W-1,5W
20240402_0000_005,2024-04-02T06:00:06Z,2024-04-02T13:15:05Z,7.249722222222222,4W-12,14.28,0.54,13.97,0.6,543.6396,22.705200000000005,1,4W-1,4W
20240402_0000_006,2024-04-02T06:00:07Z,2024-04-02T13:15:06Z,7.249722222222222,4T-11,2.42,0.05,2.37,0.07,92.106,2.5704000000000002,1,4T-1,4T
20240402_0000_007,2024-04-02T15:15:08Z,2024-04-02T21:10:08Z,5.916666666666667,5S-27,39.02,1.18,38.15,1.4,1484.406,51.836400000000005,2,5S-2,5S
20240402_0000_008,2024-04-02T15:15:08Z,2024-04-02T21:10:08Z,5.916666666666667,5W-21,52.59,1.26,51.42,1.63,2001.0564000000002,59.5476,2,5W-2,5W
20240402_0000_009,2024-04-02T23:10:10Z,2024-04-02T23:30:10Z,0.3333333333333333,4T-22,183.51,1.48,179.43,3.96,6982.0632000000005,134.94600000000003,1,4T-2,4T
20240403_0000_000,2024-04-03T01:30:13Z,2024-04-03T06:00:12Z,4.499722222222222,5S-15,6.63,0.1,6.49,0.17,252.3276,5.997600000000001,1,5S-1,5S
20240403_0000_001,2024-04-03T01:30:13Z,2024-04-03T06:00:13Z,4.5,5W-16,10.34,0.08,10.11,0.22,393.2712,7.711200000000001,1,5W-1,5W
20240403_0000_002,2024-04-03T07:30:17Z,2024-04-03T15:25:16Z,7.916388888888889,5S-25,8.1,0.27,7.92,0.31,308.44800000000004,11.566800000000002,1,5S-2,5S
20240403_0000_003,2024-04-03T07:30:17Z,2024-04-03T15:25:17Z,7.916666666666667,5W-13,11.02,0.19,10.78,0.29,419.4036,10.281600000000001,1,5W-1,5W
20240403_0000_004,2024-04-03T18:25:20Z,2024-04-03T18:45:20Z,0.3333333333333333,4W-11,94.28,1.48,92.19,2.38,3587.4216,84.3948,2,4W-1,4W
20240403_0000_005,2024-04-03T18:25:20Z,2024-04-03T18:45:20Z,0.3333333333333333,5S-27,37.91,1.04,37.07,1.27,1442.4228000000003,47.12400000000001,2,5S-2,5S
20240403_0000_006,2024-04-03T20:15:23Z,2024-04-04T00:00:01Z,3.743888888888889,4S-21,40.01,0.37,39.12,0.88,1522.1052000000002,29.988000000000003,1,4S-2,4S
20240403_0000_007,2024-04-03T20:15:24Z,2024-04-04T00:00:01Z,3.743611111111111,5W-21,38.26,0.29,37.41,0.82,1455.7032,27.846000000000004,1,5W-2,5W
20240404_0000_000,2024-04-04T00:00:01Z,2024-04-04T00:00:23Z,0.006111111111111111,4S-21,40.13,0.2,39.24,0.83,1526.8176,27.846000000000004,2,4S-2,4S
20240404_0000_001,2024-04-04T00:00:01Z,2024-04-04T00:00:23Z,0.006111111111111111,5W-21,38.43,0.19,37.58,0.79,1462.5576,26.560800000000004,2,5W-2,5W
20240404_0000_002,2024-04-04T01:00:26Z,2024-04-04T06:00:25Z,4.999722222222222,5W-18,35.17,0.57,34.38,0.9,1337.8932000000002,31.701600000000006,1,5W-1,5W
20240404_0000_003,2024-04-04T08:00:30Z,2024-04-04T14:10:29Z,6.166388888888889,4T-32,2.39,0.06,2.34,0.07,91.2492,2.5704000000000002,2,4T-3,4T
20240404_0000_004,2024-04-04T08:00:30Z,2024-04-04T14:10:29Z,6.166388888888889,4W-12,19.55,0.25,19.11,0.46,743.7024,16.2792,2,4W-1,4W
20240404_0000_005,2024-04-04T16:10:31Z,2024-04-04T19:55:30Z,3.749722222222222,4S-22,15.22,0.26,14.88,0.4,579.1968,14.137200000000004,1,4S-2,4S
20240404_0000_006,2024-04-04T16:10:31Z,2024-04-04T19:55:31Z,3.75,4T-12,182.15,1.84,178.1,4.08,6930.655200000001,140.0868,2,4T-1,4T
20240404_0000_007,2024-04-04T16:10:31Z,2024-04-04T19:55:31Z,3.75,4W-27,65.5,0.6,64.04,1.44,2492.0028,49.266,2,4W-2,4W
20240404_0000_008,2024-04-04T21:25:35Z,2024-04-04T23:05:34Z,1.666388888888889,4W-11,24.6,0.19,24.05,0.53,936.0540000000002,17.9928,1,4W-1,4W
20240405_0000_000,2024-04-05T00:05:37Z,2024-04-05T02:56:36Z,2.8497222222222223,4S-31,7.89,0.37,7.71,0.39,299.88000000000005,14.994000000000002,2,4S-3,4S
20240405_0000_001,2024-04-05T00:05:37Z,2024-04-05T02:56:36Z,2.8497222222222223,4T-11,2.33,0.05,2.28,0.07,88.6788,2.5704000000000002,2,4T-1,4T
20240405_0000_002,2024-04-05T03:56:39Z,2024-04-05T05:00:39Z,1.0666666666666667,5S-15,7.62,0.21,7.45,0.26,290.0268,9.424800000000001,1,5S-1,5S
20240405_0000_003,2024-04-05T03:56:40Z,2024-04-05T05:00:38Z,1.066111111111111,4W-31,12.65,0.14,12.37,0.29,481.52160000000003,9.853200000000001,1,4W-3,4W
20240405_0000_004,2024-04-05T06:00:43Z,2024-04-05T08:30:42Z,2.499722222222222,4S-31,7.45,0.2,7.28,0.25,283.17240000000004,8.9964,3,4S-3,4S
20240405_0000_005,2024-04-05T06:00:43Z,2024-04-05T08:30:42Z,2.499722222222222,4T-11,2.37,0.04,2.31,0.06,89.96400000000001,2.1420000000000003,3,4T-1,4T
20240405_0000_006,2024-04-05T06:00:43Z,2024-04-05T08:30:41Z,2.4994444444444444,4W-31,12.35,0.15,12.07,0.29,469.9548000000001,10.281600000000001,2,4W-3,4W
20240405_0000_007,2024-04-05T06:00:43Z,2024-04-05T08:30:42Z,2.499722222222222,5S-25,6.75,0.22,6.6,0.25,256.61160000000007,9.424800000000001,3,5S-2,5S
20240405_0000_008,2024-04-05T06:00:43Z,2024-04-05T08:30:41Z,2.4994444444444444,5W-16,10.38,0.11,10.15,0.24,394.98480000000006,8.1396,2,5W-1,5W
20240405_0000_009,2024-04-05T09:30:46Z,2024-04-05T16:15:44Z,6.749444444444444,5W-13,10.31,0.24,10.08,0.31,391.98600000000005,11.566800000000002,1,5W-1,5W
20240405_0000_010,2024-04-05T19:15:48Z,2024-04-05T21:15:47Z,1.9997222222222222,4S-21,39.52,0.45,38.64,0.91,1503.6840000000002,31.273200000000003,2,4S-2,4S
20240405_0000_011,2024-04-05T19:15:48Z,2024-04-05T21:15:47Z,1.9997222222222222,5S-12,36.37,0.76,35.57,1.05,1384.1604000000002,37.699200000000005,2,5S-1,5S
20240405_0000_012,2024-04-05T23:15:51Z,2024-04-06T00:00:06Z,0.7375,4W-27,50.1,0.39,48.98,1.08,1905.9516000000003,36.414,2,4W-2,4W
20240405_0000_013,2024-04-05T23:15:51Z,2024-04-06T00:00:06Z,0.7375,5W-21,16.35,0.14,15.98,0.35,622.0368,11.995200000000002,2,5W-2,5W
20240405_0000_014,2024-04-05T23:15:52Z,2024-04-06T00:00:06Z,0.7372222222222222,5S-28,15.33,0.24,14.99,0.39,583.4808,13.7088,1,5S-2,5S
20240406_0000_000,2024-04-06T00:00:06Z,2024-04-06T00:00:51Z,0.0125,4W-27,49.87,3.34,48.76,3.41,1897.3836000000001,131.09040000000002,3,4W-2,4W
20240406_0000_001,2024-04-06T00:00:06Z,2024-04-06T00:00:51Z,0.0125,5S-28,15.42,0.1,15.08,0.33,586.4796,11.1384,3,5S-2,5S
20240406_0000_002,2024-04-06T00:00:06Z,2024-04-06T00:00:51Z,0.0125,5W-21,16.42,0.1,16.05,0.34,624.6072,11.566800000000002,3,5W-2,5W
20240406_0000_003,2024-04-06T01:30:53Z,2024-04-06T05:00:52Z,3.499722222222222,4T-32,2.33,0.04,2.28,0.06,88.6788,2.1420000000000003,1,4T-3,4T
20240406_0000_004,2024-04-06T01:30:54Z,2024-04-06T05:00:52Z,3.4994444444444444,4S-44,7.19,0.16,7.03,0.21,273.7476,7.711200000000001,1,4S-4,4S
20240406_0000_005,2024-04-06T06:00:56Z,2024-04-06T12:15:56Z,6.25,4S-44,7.6,0.32,7.43,0.35,289.17,13.280400000000002,1,4S-4,4S
20240406_0000_006,2024-04-06T06:00:57Z,2024-04-06T12:15:55Z,6.249444444444444,4T-11,2.39,0.06,2.33,0.07,90.82080000000002,2.5704000000000002,1,4T-1,4T
20240406_0000_007,2024-04-06T16:15:59Z,2024-04-06T21:05:48Z,4.830277777777778,4T-32,15.97,0.37,15.62,0.48,607.4712000000001,17.5644,1,4T-3,4T
20240408_1524_000,2024-04-08T18:51:36Z,2024-04-08T18:52:25Z,0.01361111111111111,4S-21,74.61,1.03,72.95,1.81,2838.5784000000003,63.40320000000001,1,4S-2,4S
20240408_1524_001,2024-04-08T18:52:26Z,2024-04-08T22:00:57Z,3.1419444444444444,4S-21,68.61,1.5,67.09,2.01,2610.6696,73.25640000000001,1,4S-2,4S
20240409_0000_000,2024-04-09T00:00:04Z,2024-04-09T04:30:07Z,4.5008333333333335,4S-22,16.48,0.66,16.12,0.72,627.1776,27.4176,2,4S-2,4S
20240409_0000_001,2024-04-09T00:00:04Z,2024-04-09T04:30:07Z,4.5008333333333335,5S-28,16.24,0.69,15.88,0.75,618.1812,28.274400000000007,2,5S-2,5S
20240409_0000_002,2024-04-09T06:00:09Z,2024-04-09T08:50:08Z,2.8330555555555557,4S-44,7.91,0.14,7.74,0.21,301.1652,7.282800000000002,1,4S-4,4S
20240409_0000_003,2024-04-09T09:20:10Z,2024-04-09T15:25:10Z,6.083333333333333,4T-32,2.46,0.11,2.4,0.12,93.39120000000001,4.712400000000001,1,4T-3,4T
20240409_0000_004,2024-04-09T09:20:11Z,2024-04-09T15:25:10Z,6.083055555555555,5S-15,5.83,0.36,5.7,0.37,221.9112,14.137200000000004,1,5S-1,5S
20240409_0000_005,2024-04-09T18:25:14Z,2024-04-09T21:40:13Z,3.249722222222222,4W-27,66.4,0.6,64.92,1.46,2526.2748,50.1228,3,4W-2,4W
20240409_0000_006,2024-04-09T18:25:14Z,2024-04-09T21:40:13Z,3.249722222222222,5S-14,15.45,0.25,15.11,0.4,587.7648,14.137200000000004,3,5S-1,5S
20240409_0000_007,2024-04-09T18:25:14Z,2024-04-09T21:40:13Z,3.249722222222222,5W-21,23.64,0.26,23.12,0.54,899.64,18.4212,3,5W-2,5W
20240409_0000_008,2024-04-09T18:25:15Z,2024-04-09T21:40:12Z,3.2491666666666665,4T-12,84.49,0.8,82.61,1.87,3214.7136000000005,63.8316,1,4T-1,4T
20240410_0000_000,2024-04-10T00:40:16Z,2024-04-10T04:00:15Z,3.3330555555555557,4W-12,26.96,0.19,26.36,0.57,1025.5896,19.278000000000002,2,4W-1,4W
20240410_0000_001,2024-04-10T00:40:16Z,2024-04-10T04:00:15Z,3.3330555555555557,5S-28,16.14,0.56,15.78,0.64,614.3256000000001,23.990400000000005,2,5S-2,5S
20240410_0000_002,2024-04-10T06:00:19Z,2024-04-10T13:20:19Z,7.333333333333333,4T-11,2.4,0.04,2.35,0.06,91.67760000000001,2.1420000000000003,2,4T-1,4T
20240410_0000_003,2024-04-10T06:00:19Z,2024-04-10T13:20:19Z,7.333333333333333,5S-25,6.99,0.17,6.83,0.21,266.0364,7.711200000000001,2,5S-2,5S
20240410_0000_004,2024-04-10T16:20:22Z,2024-04-10T16:55:21Z,0.5830555555555555,4T-22,185.61,1.66,181.48,4.06,7062.174,139.23,1,4T-2,4T
20240410_0000_005,2024-04-10T18:25:25Z,2024-04-10T22:15:24Z,3.8330555555555557,5S-27,50.6,0.92,49.47,1.36,1925.2296,48.8376,1,5S-2,5S
20240411_0000_000,2024-04-11T01:15:28Z,2024-04-11T05:00:27Z,3.749722222222222,5S-14,14.56,0.17,14.23,0.34,553.9212,11.566800000000002,2,5S-1,5S
20240411_0000_001,2024-04-11T01:15:28Z,2024-04-11T05:00:27Z,3.749722222222222,5W-17,16.82,0.14,16.44,0.36,640.0296,12.4236,2,5W-1,5W
20240411_0000_002,2024-04-11T01:15:29Z,2024-04-11T05:00:27Z,3.7494444444444444,4T-32,4.53,0.05,4.43,0.11,172.2168,3.8556000000000004,1,4T-3,4T
20240411_0000_003,2024-04-11T06:00:31Z,2024-04-11T13:55:30Z,7.916388888888889,5S-15,7.03,0.32,6.87,0.35,267.3216,13.280400000000002,1,5S-1,5S
20240411_0000_004,2024-04-11T06:00:32Z,2024-04-11T13:55:30Z,7.916111111111111,4T-11,2.41,0.06,2.36,0.08,91.67760000000001,2.9988000000000006,2,4T-1,4T
20240411_0000_005,2024-04-11T06:00:32Z,2024-04-11T13:55:31Z,7.916388888888889,4W-11,25.01,0.21,24.45,0.54,951.4764,18.4212,1,4W-1,4W
20240411_0000_006,2024-04-11T06:00:32Z,2024-04-11T13:55:30Z,7.916111111111111,5W-13,10.65,0.22,10.42,0.3,405.2664000000001,11.1384,2,5W-1,5W
20240411_0000_009,2024-04-11T15:55:33Z,2024-04-11T16:13:02Z,0.29138888888888886,4W-11,95.2,1.79,93.09,2.59,3622.1220000000003,93.39120000000001,1,4W-1,4W
20240412_0000_000,2024-04-12T01:20:38Z,2024-04-12T05:00:37Z,3.6663888888888887,5W-21,40.022,0.43,39.132,0.907,1522.7478000000003,31.358880000000003,1,5W-2,5W
20240412_0000_001,2024-04-12T06:00:41Z,2024-04-12T11:20:40Z,5.333055555555555,5S-12,20.944,0.48,20.478,0.63,796.86684,23.005080000000003,1,5S-1,5S
20240412_0000_002,2024-04-12T06:00:42Z,2024-04-12T11:20:41Z,5.333055555555555,5W-18,17.52,0.307,17.131,0.462,666.5904,16.53624,1,5W-1,5W
20240412_0000_004,2024-04-12T13:20:44Z,2024-04-12T14:10:43Z,0.8330555555555555,4T-12,189.379,2.167,185.166,4.354,7205.430960000001,150.96816,1,4T-1,4T
20240412_0000_005,2024-04-12T16:10:47Z,2024-04-12T20:55:47Z,4.75,4W-27,65.615,0.653,64.155,1.464,2496.501,50.37984,1,4W-2,4W
20240412_0000_006,2024-04-12T16:10:48Z,2024-04-12T20:55:47Z,4.749722222222222,5W-18,34.217,0.522,33.456,0.856,1301.8647600000002,30.28788,1,5W-1,5W
20240412_0000_007,2024-04-12T22:55:50Z,2024-04-13T00:00:05Z,1.0708333333333333,5W-11,15.83,0.099,15.478,0.332,602.28756,11.22408,1,5W-1,5W
20240412_0000_008,2024-04-12T22:55:51Z,2024-04-13T00:00:05Z,1.0705555555555555,4S-22,13.539,0.099,13.238,0.289,515.10816,9.810360000000001,1,4S-2,4S
20240413_0000_000,2024-04-13T00:00:05Z,2024-04-13T00:00:50Z,0.0125,4S-22,13.606,0.073,13.303,0.282,517.67856,9.510480000000001,2,4S-2,4S
20240413_0000_001,2024-04-13T00:00:05Z,2024-04-13T00:00:50Z,0.0125,5W-11,15.873,0.086,15.52,0.33,603.91548,11.09556,2,5W-1,5W
20240413_0000_002,2024-04-13T01:00:55Z,2024-04-13T04:00:53Z,2.9994444444444444,4S-31,7.132,0.206,6.974,0.247,271.39140000000003,9.16776,1,4S-3,4S
20240413_0000_003,2024-04-13T06:00:57Z,2024-04-13T13:10:56Z,7.166388888888889,4S-32,4.392,0.312,4.295,0.317,167.11884,12.2094,2,4S-3,4S
20240413_0000_004,2024-04-13T06:00:57Z,2024-04-13T13:10:56Z,7.166388888888889,5S-14,14.517,0.21,14.194,0.357,552.33612,12.55212,2,5S-1,5S
20240413_0000_005,2024-04-13T17:11:01Z,2024-04-13T23:01:00Z,5.833055555555555,4S-44,8.048,0.288,7.869,0.324,306.22032,12.2094,3,4S-4,4S
20240413_0000_006,2024-04-13T17:11:01Z,2024-04-13T23:01:00Z,5.833055555555555,4T-32,2.3,0.047,2.248,0.065,87.47928,2.3562000000000003,3,4T-3,4T
20240413_0000_007,2024-04-13T17:11:01Z,2024-04-13T23:01:00Z,5.833055555555555,4W-31,8.061,0.234,7.882,0.28,306.69156000000004,10.410120000000001,3,4W-3,4W
20240413_0000_008,2024-04-13T17:11:01Z,2024-04-13T23:00:59Z,5.832777777777777,5S-25,7.515,0.288,7.348,0.319,285.91416000000004,12.038040000000002,2,5S-2,5S
20240413_0000_009,2024-04-13T17:11:01Z,2024-04-13T23:00:59Z,5.832777777777777,5W-16,10.638,0.238,10.402,0.316,404.75232000000005,11.523960000000002,2,5W-1,5W
20240414_0000_000,2024-04-14T00:01:04Z,2024-04-14T05:01:03Z,4.999722222222222,4S-32,3.62,0.45,3.54,0.45,137.5164,17.136000000000003,2,4S-3,4S
20240414_0000_001,2024-04-14T00:01:04Z,2024-04-14T05:01:03Z,4.999722222222222,4T-32,2.34,0.07,2.28,0.08,88.6788,2.9988000000000006,2,4T-3,4T
20240414_0000_002,2024-04-14T06:01:07Z,2024-04-14T12:51:06Z,6.833055555555555,4S-21,29.94,0.37,29.27,0.7,1139.1156,24.4188,1,4S-2,4S
20240414_0000_003,2024-04-14T06:01:07Z,2024-04-14T12:51:05Z,6.832777777777777,4T-11,2.4,0.04,2.34,0.06,91.2492,2.1420000000000003,1,4T-1,4T
20240414_0000_004,2024-04-14T16:51:09Z,2024-04-14T22:01:08Z,5.166388888888889,4W-11,24.38,0.16,23.83,0.51,927.486,17.136000000000003,1,4W-1,4W
20240415_0000_009,2024-04-15T00:01:12Z,2024-04-15T04:31:11Z,4.499722222222222,5W-13,10.15,0.32,9.93,0.37,386.4168,13.7088,2,5W-1,5W
20240415_0000_010,2024-04-15T00:01:12Z,2024-04-15T04:31:11Z,4.499722222222222,5S-28,15.67,0.67,15.32,0.72,596.3328,27.4176,2,5S-2,5S
20240415_0000_011,2024-04-15T06:01:15Z,2024-04-15T14:01:14Z,7.999722222222222,5W-16,10.59,0.17,10.36,0.27,403.12440000000004,9.424800000000001,1,5W-1,5W
20240415_0000_012,2024-04-15T06:01:15Z,2024-04-15T14:01:15Z,8,4S-31,6,0.2,5.87,0.23,228.33720000000005,8.568000000000001,1,4S-3,4S
20240415_0000_013,2024-04-15T06:01:16Z,2024-04-15T14:01:15Z,7.999722222222222,4W-31,11.85,0.21,11.59,0.31,451.1052,11.1384,2,4W-3,4W
20240415_0000_014,2024-04-15T06:01:16Z,2024-04-15T14:01:15Z,7.999722222222222,4T-11,2.4,0.05,2.34,0.07,91.2492,2.5704000000000002,2,4T-1,4T
20240415_0000_015,2024-04-15T06:01:16Z,2024-04-15T14:01:14Z,7.999444444444444,5S-15,6.95,0.23,6.8,0.27,264.32280000000003,9.853200000000001,1,5S-1,5S
20240415_0000_016,2024-04-15T17:01:19Z,2024-04-15T18:41:19Z,1.6666666666666667,4T-22,181.19,1.28,177.16,3.85,6893.812800000001,130.2336,1,4T-2,4T
20240415_0000_026,2024-04-15T21:52:58Z,2024-04-15T21:54:30Z,0.025555555555555557,4W-42,0.39,1.01,0.38,0.99,14.994000000000002,38.556000000000004,1,4W-4,4W
20240415_0000_027,2024-04-15T21:54:31Z,2024-04-15T21:56:19Z,0.03,4W-42,3.65,0.31,3.57,0.31,138.80160000000004,11.995200000000002,1,4W-4,4W
20240415_0000_029,2024-04-15T21:56:20Z,2024-04-15T22:00:10Z,0.06388888888888888,4W-42,5.43,0.09,5.31,0.14,206.91720000000004,5.1408000000000005,1,4W-4,4W
20240415_0000_030,2024-04-15T22:00:11Z,2024-04-15T22:00:45Z,0.009444444444444445,4W-42,7.33,0.65,7.16,0.65,278.8884,25.2756,1,4W-4,4W
20240415_0000_031,2024-04-15T22:00:46Z,2024-04-15T22:01:06Z,0.005555555555555556,4W-42,9.33,1.61,9.13,1.59,355.1436,61.689600000000006,1,4W-4,4W
20240415_0000_032,2024-04-15T22:01:07Z,2024-04-15T22:01:27Z,0.005555555555555556,4W-42,11.54,0.61,11.28,0.64,439.11000000000007,24.4188,1,4W-4,4W
20240415_0000_033,2024-04-15T22:01:30Z,2024-04-15T22:02:09Z,0.010833333333333334,4W-51,1.86,0.06,1.82,0.07,70.68599999999999,2.5704000000000002,1,4W-5,4W
20240415_0000_034,2024-04-15T22:02:10Z,2024-04-15T22:02:39Z,0.008055555555555555,4W-51,4.92,1.88,4.81,1.84,187.21080000000003,71.5428,1,4W-5,4W
20240415_0000_035,2024-04-15T22:02:40Z,2024-04-15T22:03:00Z,0.005555555555555556,4W-51,9.35,1.57,9.15,1.55,356.00040000000007,59.976000000000006,1,4W-5,4W
20240415_0000_036,2024-04-15T22:03:01Z,2024-04-15T22:03:25Z,0.006666666666666667,4W-51,13.14,4.49,12.84,4.4,499.9428,170.93160000000003,1,4W-5,4W
20240415_0000_037,2024-04-15T22:03:26Z,2024-04-15T22:03:51Z,0.006944444444444444,4W-51,18.66,0.57,18.25,0.67,709.8588000000001,25.2756,1,4W-5,4W
20240415_0000_038,2024-04-15T22:03:52Z,2024-04-15T22:04:12Z,0.005555555555555556,4W-51,22.26,2.13,21.76,2.13,846.9468,82.25280000000001,1,4W-5,4W
20240415_0000_039,2024-04-15T22:04:13Z,2024-04-15T22:04:30Z,0.004722222222222222,4W-51,26.49,0.66,25.9,0.84,1008.0252,30.844800000000003,1,4W-5,4W
20240415_0000_040,2024-04-15T22:04:34Z,2024-04-15T22:04:57Z,0.006388888888888889,4W-32,23.23,7.3,22.71,7.15,883.7891999999999,278.0316,1,4W-3,4W
20240415_0000_041,2024-04-15T22:04:58Z,2024-04-15T22:05:18Z,0.005555555555555556,4W-32,49.31,10.87,48.21,10.67,1875.9636,414.69120000000004,1,4W-3,4W
20240415_0000_042,2024-04-15T22:05:19Z,2024-04-15T22:05:59Z,0.011111111111111112,4W-32,75.9,0.39,74.21,1.57,2887.8444,52.693200000000004,1,4W-3,4W
20240415_0000_043,2024-04-15T22:06:00Z,2024-04-15T22:06:43Z,0.011944444444444445,4W-32,97.51,0.5,95.34,2.02,3709.944,67.6872,1,4W-3,4W
20240415_0000_044,2024-04-15T22:06:44Z,2024-04-15T22:06:56Z,0.0033333333333333335,4W-32,113.38,8.62,110.86,8.73,4313.988,336.7224,1,4W-3,4W
20240415_0000_045,2024-04-15T22:06:57Z,2024-04-15T22:07:13Z,0.0044444444444444444,4W-32,128.12,11.46,125.27,11.5,4874.3352,444.25079999999997,1,4W-3,4W
20240415_0000_046,2024-04-15T22:07:14Z,2024-04-15T22:07:26Z,0.0033333333333333335,4W-32,139.62,3.16,136.51,4.17,5312.16,152.082,1,4W-3,4W
20240416_0000_000,2024-04-16T00:00:05Z,2024-04-16T04:30:07Z,4.500555555555556,4S-14,7.95,0.17,7.77,0.23,302.4504,8.568000000000001,2,4S-1,4S
20240416_0000_001,2024-04-16T00:00:05Z,2024-04-16T04:30:07Z,4.500555555555556,4T-32,4.69,0.12,4.58,0.15,178.2144,5.5692,2,4T-3,4T
20240416_0000_002,2024-04-16T06:00:09Z,2024-04-16T12:35:08Z,6.583055555555555,5S-32,32.76,0.43,32.03,0.78,1246.6440000000002,27.4176,1,5S-3,5S
20240416_0000_003,2024-04-16T14:35:10Z,2024-04-16T17:20:09Z,2.749722222222222,4W-32,97.32,0.72,95.16,2.08,3703.0896000000002,70.68599999999999,1,4W-3,4W
20240416_0000_004,2024-04-16T19:20:12Z,2024-04-16T22:20:12Z,3,4T-31,82.39,0.52,80.56,1.73,3134.6028000000006,58.262400000000014,1,4T-3,4T
20240417_0000_000,2024-04-17T01:20:14Z,2024-04-17T05:00:13Z,3.6663888888888887,4S-12,7.58,0.15,7.41,0.21,288.74160000000006,7.711200000000001,3,4S-1,4S
20240417_0000_001,2024-04-17T01:20:14Z,2024-04-17T05:00:14Z,3.6666666666666665,4T-11,6.6,0.09,6.45,0.16,251.04240000000001,5.5692,2,4T-1,4T
20240417_0000_002,2024-04-17T01:20:14Z,2024-04-17T05:00:14Z,3.6666666666666665,4W-51,9.79,0.22,9.57,0.29,372.70799999999997,10.71,2,4W-5,4W
20240417_0000_003,2024-04-17T01:20:14Z,2024-04-17T05:00:13Z,3.6663888888888887,5S-36,6.77,0.13,6.62,0.19,257.4684,6.8544,3,5S-3,5S
20240417_0000_004,2024-04-17T01:20:14Z,2024-04-17T05:00:13Z,3.6663888888888887,5W-32,10.42,0.11,10.19,0.24,396.6984,8.1396,3,5W-3,5W
20240417_0000_005,2024-04-17T06:00:17Z,2024-04-17T11:05:15Z,5.082777777777777,5S-32,32.32,0.47,31.6,0.8,1229.9364,27.846000000000004,1,5S-3,5S
20240417_0000_006,2024-04-17T13:05:19Z,2024-04-17T14:15:18Z,1.166388888888889,4T-12,186.74,2.09,182.58,4.27,7105.014,147.79800000000003,1,4T-1,4T
20240417_0000_007,2024-04-17T13:05:19Z,2024-04-17T14:15:19Z,1.1666666666666667,4W-22,75.61,0.75,73.93,1.68,2876.7060000000006,57.83400000000001,1,4W-2,4W
20240417_0000_008,2024-04-17T16:15:22Z,2024-04-17T21:00:21Z,4.749722222222222,5S-26,46.33,1.35,45.3,1.62,1762.8660000000002,59.976000000000006,2,5S-2,5S
20240417_0000_009,2024-04-17T16:15:22Z,2024-04-17T21:00:21Z,4.749722222222222,5W-22,65.19,1.11,63.74,1.7,2480.436,60.8328,2,5W-2,5W
20240418_0000_000,2024-04-18T00:00:24Z,2024-04-18T04:00:23Z,3.999722222222222,4S-16,12.75,0.46,12.47,0.52,485.3772,19.278000000000002,2,4S-1,4S
20240418_0000_001,2024-04-18T00:00:24Z,2024-04-18T04:00:23Z,3.999722222222222,4T-11,2.4,0.08,2.35,0.09,91.2492,3.4272,2,4T-1,4T
20240418_0000_002,2024-04-18T06:00:26Z,2024-04-18T13:55:26Z,7.916666666666667,4S-23,30.71,0.31,30.03,0.69,1168.6752000000001,23.562000000000005,1,4S-2,4S
20240418_0000_003,2024-04-18T06:00:27Z,2024-04-18T13:55:26Z,7.916388888888889,4T-11,2.52,0.05,2.46,0.07,95.53320000000001,2.5704000000000002,1,4T-1,4T
20240418_0000_004,2024-04-18T15:55:28Z,2024-04-18T16:31:26Z,0.5994444444444444,4T-22,186.81,2.3,182.65,4.37,7107.5844,152.51040000000003,1,4T-2,4T
20240418_0000_005,2024-04-18T18:31:30Z,2024-04-18T21:55:29Z,3.399722222222222,4T-31,142.47,1.23,139.3,3.11,5420.5452000000005,106.24320000000002,1,4T-3,4T
20240419_0000_000,2024-04-19T00:55:31Z,2024-04-19T04:00:30Z,3.0830555555555557,4T-32,4.75,0.06,4.64,0.11,180.7848,3.8556000000000004,1,4T-3,4T
20240419_0000_001,2024-04-19T00:55:32Z,2024-04-19T04:00:31Z,3.0830555555555557,4S-16,15.31,0.14,14.97,0.34,582.624,11.566800000000002,1,4S-1,4S
20240419_0000_002,2024-04-19T06:00:34Z,2024-04-19T13:35:33Z,7.583055555555555,5S-32,21.23,0.64,20.76,0.75,807.9624000000001,27.846000000000004,1,5S-3,5S
20240419_0000_004,2024-04-19T15:35:36Z,2024-04-19T15:55:35Z,0.33305555555555555,4W-32,75.68,1.23,74,1.94,2879.7048,68.97240000000001,1,4W-3,4W
20240419_0000_005,2024-04-19T15:35:37Z,2024-04-19T15:55:35Z,0.3327777777777778,4T-12,186.79,2.13,182.63,4.29,7106.7276,148.65480000000002,1,4T-1,4T
20240419_0000_006,2024-04-19T16:55:37Z,2024-04-19T18:55:36Z,1.9997222222222222,4W-22,96.95,0.85,94.79,2.12,3688.5240000000003,72.3996,1,4W-2,4W
20240419_0000_007,2024-04-19T19:55:40Z,2024-04-19T21:55:39Z,1.9997222222222222,4W-32,130.74,1.05,127.83,2.82,4974.580800000001,95.96160000000002,1,4W-3,4W
20240420_0000_000,2024-04-20T00:55:41Z,2024-04-20T04:00:40Z,3.0830555555555557,4T-11,2.5,0.05,2.44,0.07,95.10480000000001,2.5704000000000002,2,4T-1,4T
20240420_0000_001,2024-04-20T00:55:41Z,2024-04-20T04:00:40Z,3.0830555555555557,5S-34,16.98,0.14,16.6,0.37,646.0272,12.4236,2,5S-3,5S
20240420_0000_002,2024-04-20T06:00:43Z,2024-04-20T13:45:42Z,7.749722222222222,4S-14,9.4,0.14,9.19,0.23,357.71400000000006,8.1396,2,4S-1,4S
20240420_0000_003,2024-04-20T06:00:43Z,2024-04-20T13:45:42Z,7.749722222222222,5S-11,17.25,0.23,16.86,0.41,656.3088000000001,14.565600000000003,2,5S-1,5S
20240420_0000_004,2024-04-20T16:45:45Z,2024-04-20T23:00:44Z,6.249722222222222,4T-32,7.09,0.08,6.94,0.16,269.89200000000005,5.5692,2,4T-3,4T
20240420_0000_005,2024-04-20T16:45:45Z,2024-04-20T23:00:44Z,6.249722222222222,5S-32,21.31,0.25,20.84,0.49,810.9612000000001,17.136000000000003,2,5S-3,5S
20240421_0000_000,2024-04-21T02:00:48Z,2024-04-21T05:00:47Z,2.999722222222222,4S-16,8.57,0.07,8.38,0.19,326.01240000000007,6.426,2,4S-1,4S
20240421_0000_001,2024-04-21T02:00:48Z,2024-04-21T05:00:47Z,2.999722222222222,5S-36,7.43,0.09,7.26,0.17,282.74399999999997,5.997600000000001,2,5S-3,5S
20240421_0000_002,2024-04-21T06:00:51Z,2024-04-21T13:55:50Z,7.916388888888889,4T-11,2.53,0.05,2.48,0.07,96.39,2.5704000000000002,2,4T-1,4T
20240421_0000_003,2024-04-21T06:00:51Z,2024-04-21T13:55:50Z,7.916388888888889,5W-34,11.66,0.14,11.4,0.27,443.8224,9.424800000000001,2,5W-3,5W
20240421_0000_004,2024-04-21T06:00:52Z,2024-04-21T13:55:50Z,7.916111111111111,4S-14,8.34,0.18,8.15,0.24,317.016,8.9964,3,4S-1,4S
20240421_0000_005,2024-04-21T06:00:52Z,2024-04-21T13:55:50Z,7.916111111111111,4W-42,9.33,0.18,9.12,0.26,354.7152,9.424800000000001,3,4W-4,4W
20240421_0000_006,2024-04-21T06:00:52Z,2024-04-21T13:55:50Z,7.916111111111111,5S-35,7.61,0.19,7.45,0.24,289.5984,8.9964,3,5S-3,5S
20240421_0000_007,2024-04-21T17:55:54Z,2024-04-21T22:00:53Z,4.083055555555555,4W-33,22.84,0.2,22.34,0.5,869.2236,17.136000000000003,2,4W-3,4W
20240421_0000_008,2024-04-21T17:55:54Z,2024-04-21T22:00:53Z,4.083055555555555,5W-28,16.41,0.21,16.05,0.39,624.6072,13.7088,2,5W-2,5W
20240422_0000_000,2024-04-22T00:00:56Z,2024-04-22T05:00:56Z,5,5W-26,24.67,0.73,24.12,0.86,938.6244000000002,32.13,1,5W-2,5W
20240422_0000_001,2024-04-22T00:00:57Z,2024-04-22T05:00:56Z,4.999722222222222,4T-32,4.47,0.14,4.37,0.17,170.07480000000004,5.997600000000001,1,4T-3,4T
20240422_0000_002,2024-04-22T06:00:59Z,2024-04-22T13:48:58Z,7.799722222222222,4T-11,2.46,0.07,2.41,0.08,93.81960000000001,2.9988000000000006,2,4T-1,4T
20240422_0000_003,2024-04-22T06:00:59Z,2024-04-22T13:48:58Z,7.799722222222222,5W-22,25.35,0.3,24.78,0.59,964.3284000000001,20.1348,2,5W-2,5W
20240422_0000_004,2024-04-22T15:49:01Z,2024-04-22T16:49:00Z,0.9997222222222222,4W-22,94.65,0.78,92.55,2.05,3601.5588,69.8292,1,4W-2,4W
20240422_0000_005,2024-04-22T18:00:22Z,2024-04-22T19:00:21Z,0.9997222222222222,4W-32,113,1.12,110.48,2.52,4298.994,86.5368,1,4W-3,4W
20240423_0000_000,2024-04-23T00:00:07Z,2024-04-23T04:30:03Z,4.498888888888889,4T-32,2.32,0.07,2.27,0.08,88.2504,2.9988000000000006,2,4T-3,4T
20240423_0000_001,2024-04-23T00:00:07Z,2024-04-23T04:30:03Z,4.498888888888889,5S-32,19.95,0.86,19.5,0.93,759.1248,35.1288,2,5S-3,5S
20240423_0000_002,2024-04-23T06:00:05Z,2024-04-23T12:18:04Z,6.299722222222222,4S-12,9.04,0.31,8.84,0.36,344.0052,13.280400000000002,2,4S-1,4S
20240423_0000_003,2024-04-23T06:00:05Z,2024-04-23T12:18:04Z,6.299722222222222,5W-32,10.71,0.2,10.47,0.29,407.40840000000003,10.281600000000001,2,5W-3,5W
20240423_0000_004,2024-04-23T14:18:05Z,2024-04-23T14:42:05Z,0.4,4T-12,187.78,2.22,183.6,4.35,7144.8552,151.2252,1,4T-1,4T
20240423_0000_005,2024-04-23T15:42:07Z,2024-04-23T16:36:06Z,0.8997222222222222,4T-22,85.84,0.61,83.93,1.82,3266.1216,61.689600000000006,2,4T-2,4T
20240423_0000_006,2024-04-23T15:42:07Z,2024-04-23T16:36:06Z,0.8997222222222222,4W-32,75.19,0.67,73.52,1.65,2860.8552000000004,56.548800000000014,2,4W-3,4W
20240423_0000_007,2024-04-23T17:36:07Z,2024-04-23T19:06:07Z,1.5,4W-22,95.02,0.8,92.91,2.06,3615.2676000000006,70.2576,1,4W-2,4W
20240423_0000_008,2024-04-23T21:06:08Z,2024-04-23T23:06:07Z,1.9997222222222222,5S-26,37.2,0.64,36.37,0.97,1415.4336,34.70040000000001,1,5S-2,5S
20240423_0000_009,2024-04-23T21:06:09Z,2024-04-23T23:06:07Z,1.9994444444444444,4S-23,28.46,0.38,27.82,0.68,1082.5668,23.990400000000005,1,4S-2,4S
20240424_0000_000,2024-04-24T01:06:10Z,2024-04-24T05:00:09Z,3.899722222222222,5W-22,40.2,0.3,39.3,0.86,1529.3880000000001,29.131200000000007,1,5W-2,5W
20240424_0000_001,2024-04-24T06:00:11Z,2024-04-24T13:54:10Z,7.8997222222222225,4S-12,7.88,0.26,7.7,0.3,299.88000000000005,11.1384,2,4S-1,4S
20240424_0000_002,2024-04-24T06:00:11Z,2024-04-24T13:54:10Z,7.8997222222222225,5W-34,10.67,0.2,10.43,0.29,405.69480000000004,10.281600000000001,2,5W-3,5W
20240424_0000_003,2024-04-24T14:54:13Z,2024-04-24T15:24:12Z,0.49972222222222223,4W-32,114.05,1.42,111.51,2.68,4339.2636,93.39120000000001,1,4W-3,4W
20240424_0000_004,2024-04-24T16:54:13Z,2024-04-24T17:30:13Z,0.6,4T-22,182.82,1.67,178.75,4.02,6955.9308,137.5164,1,4T-2,4T
20240424_0000_005,2024-04-24T18:30:15Z,2024-04-24T19:32:02Z,1.0297222222222222,4T-12,84.51,1.1,82.63,2.01,3215.5704,70.2576,2,4T-1,4T
20240424_0000_006,2024-04-24T18:30:15Z,2024-04-24T19:32:02Z,1.0297222222222222,4W-22,122.18,1.56,119.47,2.89,4648.9968,101.1024,2,4W-2,4W
20240424_0000_007,2024-04-24T21:32:05Z,2024-04-24T23:32:04Z,1.9997222222222222,5S-32,49.72,1.2,48.61,1.54,1891.386,56.548800000000014,1,5S-3,5S
20240424_0000_008,2024-04-24T21:32:05Z,2024-04-24T23:32:03Z,1.9994444444444444,5W-26,23.44,0.47,22.92,0.66,891.9288000000001,23.562000000000005,1,5W-2,5W
20240425_0000_000,2024-04-25T01:02:06Z,2024-04-25T05:02:05Z,3.999722222222222,4S-42,13.2,0.51,12.91,0.57,502.51320000000004,21.42,3,4S-4,4S
20240425_0000_001,2024-04-25T01:02:06Z,2024-04-25T05:02:05Z,3.999722222222222,4T-11,4.43,0.11,4.33,0.14,168.7896,5.1408000000000005,3,4T-1,4T
20240425_0000_002,2024-04-25T01:02:06Z,2024-04-25T05:02:05Z,3.999722222222222,5S-26,20.26,0.58,19.81,0.7,770.6916,25.704,3,5S-2,5S
20240425_0000_003,2024-04-25T01:02:07Z,2024-04-25T05:02:05Z,3.9994444444444444,5W-32,10.41,0.25,10.17,0.32,395.8416,11.566800000000002,1,5W-3,5W
20240425_0000_004,2024-04-25T06:02:07Z,2024-04-25T12:20:07Z,6.3,5S-26,31.94,0.57,31.23,0.85,1215.3708000000001,30.4164,1,5S-2,5S
20240425_0000_005,2024-04-25T14:20:08Z,2024-04-25T14:38:08Z,0.3,4W-32,128.36,1.98,125.51,3.22,4883.76,113.9544,1,4W-3,4W
20240425_0000_006,2024-04-25T16:08:11Z,2024-04-25T16:50:10Z,0.6997222222222222,4T-22,84.85,0.68,82.96,1.83,3228.4224,62.546400000000006,2,4T-2,4T
20240425_0000_007,2024-04-25T16:08:11Z,2024-04-25T16:50:10Z,0.6997222222222222,4W-22,74.4,0.74,72.75,1.66,2830.8672,56.9772,2,4W-2,4W
20240425_0000_008,2024-04-25T18:30:07Z,2024-04-25T19:30:06Z,0.9997222222222222,4T-12,183.87,1.36,179.78,3.92,6995.772000000001,133.2324,1,4T-1,4T
20240425_0000_011,2024-04-25T20:01:21Z,2024-04-25T20:20:50Z,0.32472222222222225,4T-12,184.06,1.15,179.97,3.86,7003.054800000001,130.662,1,4T-1,4T
20240425_0000_012,2024-04-25T21:00:10Z,2024-04-25T22:42:08Z,1.6994444444444445,4S-23,40.48,0.36,39.58,0.89,1540.0980000000002,30.4164,1,4S-2,4S
20240425_0000_013,2024-04-25T21:00:10Z,2024-04-25T22:42:09Z,1.6997222222222221,5W-22,23.68,0.26,23.15,0.54,900.9252,18.4212,1,5W-2,5W
20240426_0000_000,2024-04-26T01:42:11Z,2024-04-26T04:42:09Z,2.9994444444444444,4T-32,6.71,0.12,6.56,0.18,255.3264,6.426,1,4T-3,4T
20240426_0000_001,2024-04-26T05:42:12Z,2024-04-26T11:06:11Z,5.3997222222222225,4S-16,12.62,0.2,12.34,0.32,480.23640000000006,11.566800000000002,3,4S-1,4S
20240426_0000_002,2024-04-26T05:42:12Z,2024-04-26T11:06:11Z,5.3997222222222225,5S-32,20.39,0.32,19.94,0.51,775.8324,17.9928,3,5S-3,5S
20240426_0000_003,2024-04-26T05:42:12Z,2024-04-26T11:06:11Z,5.3997222222222225,5W-28,14.81,0.15,14.48,0.33,563.346,11.566800000000002,3,5W-2,5W
20240426_0000_004,2024-04-26T14:06:13Z,2024-04-26T15:06:12Z,0.9997222222222222,4T-22,149.09,0.92,145.78,3.13,5672.4444,105.38640000000001,1,4T-2,4T
20240426_0000_005,2024-04-26T16:06:14Z,2024-04-26T18:06:13Z,1.9997222222222222,4W-32,50.27,0.33,49.15,1.06,1912.806,35.9856,1,4W-3,4W
20240426_0000_006,2024-04-26T16:06:15Z,2024-04-26T18:06:13Z,1.9994444444444444,4T-12,86.02,0.54,84.1,1.8,3272.976,60.8328,1,4T-1,4T
20240426_0000_007,2024-04-26T20:06:16Z,2024-04-26T21:42:15Z,1.5997222222222223,4T-31,70.21,0.77,68.65,1.6,2671.5024000000003,55.263600000000004,2,4T-3,4T
20240426_0000_008,2024-04-26T20:06:16Z,2024-04-26T21:42:15Z,1.5997222222222223,4W-22,74.76,0.55,73.1,1.59,2844.5760000000005,53.9784,2,4W-2,4W
20240426_0000_009,2024-04-26T23:42:18Z,2024-04-27T00:00:03Z,0.29583333333333334,5W-26,40.12,0.28,39.22,0.85,1526.3892000000003,28.702800000000003,1,5W-2,5W
20240427_0000_000,2024-04-27T00:00:03Z,2024-04-27T04:12:16Z,4.203611111111111,5W-26,40.5,0.27,39.6,0.86,1540.9548,29.131200000000007,1,5W-2,5W
20240427_0000_001,2024-04-27T05:42:19Z,2024-04-27T11:42:18Z,5.999722222222222,4S-41,30.2,0.39,29.53,0.71,1148.9688,24.8472,1,4S-4,4S
20240427_0000_002,2024-04-27T13:42:20Z,2024-04-27T17:42:19Z,3.999722222222222,4S-14,9.13,0.09,8.93,0.2,347.4324,6.8544,3,4S-1,4S
20240427_0000_003,2024-04-27T13:42:20Z,2024-04-27T17:42:20Z,4,4T-32,2.46,0.05,2.41,0.07,93.81960000000001,2.5704000000000002,1,4T-3,4T
20240427_0000_004,2024-04-27T13:42:20Z,2024-04-27T17:42:19Z,3.999722222222222,5S-36,8.57,0.11,8.38,0.2,326.01240000000007,7.282800000000002,3,5S-3,5S
20240427_0000_005,2024-04-27T13:42:20Z,2024-04-27T17:42:19Z,3.999722222222222,5W-32,11.39,0.1,11.14,0.25,433.5408,8.568000000000001,3,5W-3,5W
20240427_0000_006,2024-04-27T19:42:22Z,2024-04-27T23:42:21Z,3.999722222222222,4T-11,14.46,0.1,14.14,0.31,550.0656,10.281600000000001,1,4T-1,4T
20240428_0000_000,2024-04-28T02:42:24Z,2024-04-28T04:42:23Z,1.9997222222222222,5S-32,20.89,0.2,20.43,0.46,795.1104,15.850800000000003,1,5S-3,5S
20240428_0000_001,2024-04-28T05:42:26Z,2024-04-28T13:42:25Z,7.999722222222222,4T-32,2.47,0.05,2.41,0.07,93.81960000000001,2.5704000000000002,2,4T-3,4T
20240428_0000_002,2024-04-28T05:42:26Z,2024-04-28T13:42:25Z,7.999722222222222,4W-33,18.56,0.15,18.15,0.4,706.0032,13.7088,2,4W-3,4W
20240428_0000_003,2024-04-28T17:42:27Z,2024-04-28T23:42:26Z,5.999722222222222,5W-26,24.05,0.41,23.52,0.62,915.0624,22.2768,1,5W-2,5W
20240428_0000_004,2024-04-28T17:42:28Z,2024-04-28T23:42:27Z,5.999722222222222,4S-23,14.51,0.32,14.19,0.43,552.2076000000001,15.422400000000001,1,4S-2,4S
20240430_1550_000,2024-04-30T16:11:13Z,2024-04-30T17:47:38Z,1.6069444444444445,4T-32,2.35,0.06,2.3,0.08,89.5356,2.9988000000000006,1,4T-3,4T
20240430_1550_001,2024-04-30T17:47:39Z,2024-04-30T18:06:12Z,0.30916666666666665,4T-32,6.51,0.06,6.37,0.14,247.61520000000004,4.712400000000001,1,4T-3,4T
20240430_1550_002,2024-04-30T18:06:13Z,2024-04-30T18:16:17Z,0.16777777777777778,4T-32,9.42,0.06,9.21,0.2,358.57079999999996,6.8544,1,4T-3,4T
20240430_1550_003,2024-04-30T18:16:18Z,2024-04-30T18:35:05Z,0.31305555555555553,4T-32,13.46,0.08,13.16,0.28,511.938,9.424800000000001,1,4T-3,4T
20240430_1550_004,2024-04-30T18:47:37Z,2024-04-30T18:48:19Z,0.011666666666666667,4T-12,124.28,46.38,121.52,45.42,4728.6792000000005,1766.7216000000003,1,4T-1,4T
20240430_1550_005,2024-04-30T18:48:22Z,2024-04-30T18:49:45Z,0.023055555555555555,4T-21,40.36,6.93,39.46,6.82,1535.814,264.7512,1,4T-2,4T
20240430_1550_006,2024-04-30T18:49:46Z,2024-04-30T18:50:00Z,0.0038888888888888888,4T-21,95.08,22.43,92.96,22.01,3617.4096000000004,855.9432000000002,1,4T-2,4T
20240430_1550_007,2024-04-30T18:50:01Z,2024-04-30T18:50:21Z,0.005555555555555556,4T-21,40.76,25.77,39.86,25.21,1550.8080000000002,981.0360000000001,1,4T-2,4T
20240430_1550_008,2024-04-30T18:50:22Z,2024-04-30T18:50:46Z,0.006666666666666667,4T-21,86.58,26.14,84.65,25.62,3293.9676000000004,996.4584000000001,1,4T-2,4T
20240430_1550_009,2024-04-30T18:50:47Z,2024-04-30T18:51:16Z,0.008055555555555555,4T-21,30.23,19.9,29.56,19.47,1150.2540000000001,757.4112000000001,1,4T-2,4T
20240430_1550_010,2024-04-30T18:51:17Z,2024-04-30T18:51:30Z,0.003611111111111111,4T-21,107.34,54.89,104.96,53.71,4084.3656,2089.7352,1,4T-2,4T
20240430_1550_012,2024-04-30T18:51:31Z,2024-04-30T19:05:28Z,0.2325,4T-21,29.2,4.12,28.55,4.07,1110.8412,158.07960000000003,1,4T-2,4T
20240430_1550_013,2024-04-30T19:05:29Z,2024-04-30T19:06:54Z,0.02361111111111111,4T-21,34.33,0.29,33.57,0.74,1306.1916,25.2756,1,4T-2,4T
20240430_1550_014,2024-04-30T19:07:05Z,2024-04-30T19:16:46Z,0.1613888888888889,4T-21,41.65,1.42,40.72,1.62,1584.6516000000001,60.8328,1,4T-2,4T
20240430_1550_015,2024-04-30T19:16:47Z,2024-04-30T19:27:28Z,0.17805555555555555,4T-21,60.5,0.35,59.16,1.26,2302.2216,42.41160000000001,1,4T-2,4T
20240430_1550_016,2024-04-30T19:27:29Z,2024-04-30T19:28:12Z,0.011944444444444445,4T-21,65.97,1.27,64.5,1.81,2509.9956,65.1168,1,4T-2,4T
20240430_1550_017,2024-04-30T19:28:13Z,2024-04-30T19:42:29Z,0.23777777777777778,4T-21,86.97,0.55,85.03,1.83,3308.9616,61.689600000000006,1,4T-2,4T
20240430_1550_018,2024-04-30T19:43:15Z,2024-04-30T19:43:54Z,0.010833333333333334,4T-12,231.02,3.61,225.88,5.83,8789.4828,206.48880000000003,1,4T-1,4T
20240430_1550_019,2024-04-30T19:43:57Z,2024-04-30T19:45:00Z,0.0175,4T-21,60.57,6.15,59.22,6.14,2304.3636,237.3336,1,4T-2,4T
20240430_1550_020,2024-04-30T19:45:01Z,2024-04-30T19:45:29Z,0.0077777777777777776,4T-21,77.78,3.22,76.05,3.52,2959.3872,133.2324,1,4T-2,4T
20240430_1550_021,2024-04-30T19:45:30Z,2024-04-30T19:59:51Z,0.23916666666666667,4T-21,112.56,0.62,110.06,2.34,4282.7148,78.82560000000001,1,4T-2,4T
20240430_1550_022,2024-04-30T20:02:28Z,2024-04-30T20:23:43Z,0.3541666666666667,4T-21,112.56,0.7,110.05,2.36,4282.7148,79.68240000000002,1,4T-2,4T
20240430_1550_023,2024-04-30T20:23:44Z,2024-04-30T20:24:47Z,0.0175,4T-21,79.43,0.44,77.67,1.65,3022.362,55.69200000000001,1,4T-2,4T
20240430_1550_024,2024-04-30T20:24:48Z,2024-04-30T20:25:11Z,0.006388888888888889,4T-21,111.55,5.43,109.07,5.76,4244.1588,219.7692,1,4T-2,4T
20240430_1550_025,2024-04-30T20:25:12Z,2024-04-30T20:42:10Z,0.2827777777777778,4T-21,79.3,0.45,77.53,1.65,3017.2212000000004,55.69200000000001,1,4T-2,4T
20240430_1550_026,2024-04-30T21:16:16Z,2024-04-30T21:19:08Z,0.04777777777777778,4T-21,78.64,0.53,76.89,1.66,2991.9456,56.12040000000001,1,4T-2,4T
20240430_1550_027,2024-04-30T21:22:08Z,2024-04-30T21:24:10Z,0.03388888888888889,4T-21,78.49,0.53,76.74,1.66,2986.3764,56.12040000000001,1,4T-2,4T
20240430_1550_028,2024-04-30T21:28:07Z,2024-04-30T21:30:07Z,0.03333333333333333,4T-21,78.38,0.56,76.64,1.67,2982.0924000000005,56.548800000000014,1,4T-2,4T
20240430_1550_029,2024-04-30T21:34:15Z,2024-04-30T21:36:58Z,0.04527777777777778,4T-21,111.41,1,108.93,2.44,4239.018,83.538,1,4T-2,4T
20240430_1550_030,2024-04-30T21:39:16Z,2024-04-30T21:41:19Z,0.034166666666666665,4T-21,111.25,0.71,108.78,2.34,4232.592000000001,79.254,1,4T-2,4T
20240430_1550_031,2024-04-30T21:46:27Z,2024-04-30T21:48:13Z,0.029444444444444443,4T-21,110.82,0.76,108.35,2.34,4216.312800000001,79.254,1,4T-2,4T
20240430_1550_032,2024-04-30T21:49:40Z,2024-04-30T21:50:07Z,0.0075,4T-12,125.57,116.65,122.78,114.08,4777.9452,4439.080800000001,1,4T-1,4T
20240430_1550_033,2024-04-30T21:50:18Z,2024-04-30T21:50:48Z,0.008333333333333333,4T-21,76.09,11.37,74.39,11.22,2894.6988,435.25440000000003,1,4T-2,4T
20240430_1550_034,2024-04-30T21:50:49Z,2024-04-30T21:51:58Z,0.019166666666666665,4T-21,58.77,1.28,57.46,1.72,2236.248,62.546400000000006,1,4T-2,4T
20240430_1550_035,2024-04-30T21:58:16Z,2024-04-30T22:00:48Z,0.042222222222222223,4T-21,58.66,0.44,57.35,1.26,2231.964,42.84,1,4T-2,4T
20240430_1550_036,2024-04-30T22:04:15Z,2024-04-30T22:06:06Z,0.030833333333333334,4T-21,58.63,0.45,57.33,1.26,2230.6788,42.84,1,4T-2,4T
20240430_1550_037,2024-04-30T22:08:29Z,2024-04-30T22:10:19Z,0.030555555555555555,4T-21,58.69,0.47,57.39,1.26,2233.2492,42.84,1,4T-2,4T
20240430_1550_038,2024-04-30T22:13:08Z,2024-04-30T22:15:37Z,0.04138888888888889,4T-21,58.78,0.42,57.48,1.25,2236.6764000000003,42.41160000000001,1,4T-2,4T
20240430_1550_039,2024-04-30T22:19:46Z,2024-04-30T22:21:45Z,0.03305555555555555,4T-21,40.58,0.42,39.68,0.91,1543.9536,31.701600000000006,1,4T-2,4T
20240430_1550_040,2024-04-30T22:24:10Z,2024-04-30T22:25:47Z,0.026944444444444444,4T-21,40.54,0.41,39.64,0.91,1542.6684,31.273200000000003,1,4T-2,4T
20240430_1550_041,2024-04-30T22:27:53Z,2024-04-30T22:29:52Z,0.03305555555555555,4T-21,40.63,0.4,39.73,0.9,1546.0956,31.273200000000003,1,4T-2,4T
20240430_1550_042,2024-04-30T22:32:39Z,2024-04-30T22:34:39Z,0.03333333333333333,4T-21,29.03,0.4,28.39,0.7,1104.4152000000001,24.4188,1,4T-2,4T
20240430_1550_043,2024-04-30T22:36:49Z,2024-04-30T22:38:24Z,0.02638888888888889,4T-21,28.92,0.27,28.28,0.64,1100.5596,21.8484,1,4T-2,4T
20240430_1550_044,2024-04-30T22:40:29Z,2024-04-30T22:49:32Z,0.15083333333333335,4T-21,29.05,0.45,28.41,0.73,1105.2720000000002,25.704,1,4T-2,4T
20240430_1550_045,2024-04-30T22:54:54Z,2024-04-30T22:57:08Z,0.03722222222222222,4T-32,13.23,0.13,12.94,0.3,503.37,10.281600000000001,1,4T-3,4T
20240430_1550_046,2024-04-30T22:59:09Z,2024-04-30T23:00:55Z,0.029444444444444443,4T-32,13.24,0.14,12.94,0.3,503.7984000000001,10.281600000000001,1,4T-3,4T
20240430_1550_047,2024-04-30T23:03:28Z,2024-04-30T23:07:20Z,0.06444444444444444,4T-32,13.21,0.12,12.92,0.29,502.9416000000001,9.853200000000001,1,4T-3,4T
20240430_1550_048,2024-04-30T23:10:29Z,2024-04-30T23:13:08Z,0.04416666666666667,4T-32,6.32,0.07,6.18,0.15,240.33240000000004,5.1408000000000005,1,4T-3,4T
20240430_1550_049,2024-04-30T23:15:10Z,2024-04-30T23:18:43Z,0.059166666666666666,4T-32,6.31,0.06,6.17,0.14,239.90400000000002,4.712400000000001,1,4T-3,4T
20240430_1550_050,2024-04-30T23:21:42Z,2024-04-30T23:26:07Z,0.07361111111111111,4T-32,6.32,0.06,6.18,0.14,240.76080000000002,4.712400000000001,1,4T-3,4T
